City_ID,City,Country,Date,Lat,Lng,Max Temp,Humidity,Cloudiness,Wind Speed
0,Mar Del Plata,AR,2022-08-11 14:44:04,-38.0023,-57.5575,55.94,72,0,13.8
1,Jamestown,US,2022-08-11 14:42:45,42.097,-79.2353,72.01,55,0,12.66
2,Mataura,NZ,2022-08-11 14:44:05,-46.1927,168.8643,28.4,97,8,2.33
3,Saskylakh,RU,2022-08-11 14:44:05,71.9167,114.0833,44.8,61,100,9.22
4,Lagoa,PT,2022-08-11 14:44:06,39.05,-27.9833,72.25,76,65,8.81
5,Mnogovershinnyy,RU,2022-08-11 14:44:07,53.9353,139.9242,52.97,99,100,1.95
6,Dutse,NG,2022-08-11 14:44:08,11.7594,9.3392,82.63,59,100,5.3
7,Rikitea,PF,2022-08-11 14:42:04,-23.1203,-134.9692,72.7,71,70,22.1
8,Caravelas,BR,2022-08-11 14:44:08,-17.7125,-39.2481,84.29,39,85,7.78
9,Vaini,TO,2022-08-11 14:44:09,-21.2,-175.2,71.76,94,75,8.05
10,Saint-Philippe,RE,2022-08-11 14:44:10,-21.3585,55.7679,69.39,78,40,13.78
11,Hede,CN,2022-08-11 14:44:11,33.7681,120.2517,76.55,91,100,9.6
12,Egvekinot,RU,2022-08-11 14:44:12,66.3167,-179.1667,46.49,97,100,3.8
13,Constitucion,CL,2022-08-11 14:44:12,-35.3333,-72.4167,54.46,62,0,2.84
14,Tuktoyaktuk,CA,2022-08-11 14:44:13,69.4541,-133.0374,48.2,93,100,10.36
15,Muswellbrook,AU,2022-08-11 14:44:13,-32.2667,150.9,49.33,81,100,3.58
16,Murree,PK,2022-08-11 14:44:14,33.9073,73.393,61.25,95,88,4.16
17,Neiafu,TO,2022-08-11 14:44:15,-18.65,-173.9833,79.48,89,75,8.05
18,Albany,US,2022-08-11 14:44:15,42.6001,-73.9662,78.26,60,88,4.68
19,Hermanus,ZA,2022-08-11 14:44:16,-34.4187,19.2345,61.81,75,100,16.91
20,Orel-Izumrud,RU,2022-08-11 14:44:16,43.4583,39.9244,84.22,65,20,7.0
21,Sibolga,ID,2022-08-11 14:44:17,1.7427,98.7792,76.44,81,60,3.65
22,Punta Arenas,CL,2022-08-11 14:44:17,-53.15,-70.9167,33.82,86,20,9.22
23,Bethel,US,2022-08-11 14:44:18,41.3712,-73.414,79.36,70,20,3.44
24,Marawi,PH,2022-08-11 14:44:19,7.9986,124.2928,69.06,88,30,1.57
25,Pouembout,NC,2022-08-11 14:44:19,-21.1333,164.9,60.84,72,6,4.76
26,Dikson,RU,2022-08-11 14:44:20,73.5069,80.5464,42.66,97,100,11.36
27,Nishihara,JP,2022-08-11 14:44:20,26.1842,127.7558,83.48,79,0,5.75
28,Bluff,NZ,2022-08-11 14:44:21,-46.6,168.3333,37.29,84,8,5.32
29,Wellington,NZ,2022-08-11 14:43:06,-41.2866,174.7756,47.86,94,75,23.02
30,Araouane,ML,2022-08-11 14:44:21,18.9048,-3.5265,103.14,23,1,4.76
31,Kampene,CD,2022-08-11 14:44:22,-3.6,26.6667,94.64,17,65,3.78
32,Port Alfred,ZA,2022-08-11 14:44:22,-33.5906,26.891,66.63,75,99,9.84
33,Lavrentiya,RU,2022-08-11 14:44:23,65.5833,-171.0,39.88,97,59,3.56
34,Kapaa,US,2022-08-11 14:44:23,22.0752,-159.319,75.52,88,0,16.11
35,Barrow,US,2022-08-11 14:44:24,71.2906,-156.7887,44.62,93,100,25.32
36,Tasiilaq,GL,2022-08-11 14:44:24,65.6145,-37.6368,39.36,78,58,3.4
37,Cape Town,ZA,2022-08-11 14:44:19,-33.9258,18.4232,61.12,73,40,13.8
38,Busselton,AU,2022-08-11 14:44:25,-33.65,115.3333,51.28,80,0,6.98
39,Katsuura,JP,2022-08-11 14:44:25,35.1333,140.3,80.37,87,32,22.66
40,Bayangol,RU,2022-08-11 14:44:26,50.6977,103.4656,52.36,85,61,4.34
41,Cabo San Lucas,MX,2022-08-11 14:44:27,22.8909,-109.9124,84.51,70,49,6.11
42,Hongjiang,CN,2022-08-11 14:44:27,27.11,109.9956,80.53,79,96,4.18
43,Butaritari,KI,2022-08-11 14:44:28,3.0707,172.7902,81.12,76,64,12.64
44,Ushuaia,AR,2022-08-11 14:45:28,-54.8,-68.3,35.26,93,75,2.3
45,Nikolskoye,RU,2022-08-11 14:45:29,59.7035,30.7861,77.88,49,100,9.48
46,Georgetown,MY,2022-08-11 14:43:50,5.4112,100.3354,84.15,84,20,3.44
47,Faanui,PF,2022-08-11 14:45:30,-16.4833,-151.75,77.43,75,10,8.84
48,Port Blair,IN,2022-08-11 14:45:31,11.6667,92.75,82.44,78,75,8.05
49,Matara,LK,2022-08-11 14:43:32,5.9485,80.5353,77.65,91,62,6.62
50,Atuona,PF,2022-08-11 14:44:34,-9.8,-139.0333,75.87,79,11,21.3
51,Qaanaaq,GL,2022-08-11 14:45:33,77.484,-69.3632,38.08,76,100,7.16
52,Chokurdakh,RU,2022-08-11 14:45:33,70.6333,147.9167,48.83,83,100,7.74
53,Telimele,GN,2022-08-11 14:45:34,10.9167,-13.3333,79.75,84,89,3.56
54,Torbay,CA,2022-08-11 14:43:19,47.6666,-52.7314,60.28,87,100,3.0
55,Aswan,EG,2022-08-11 14:45:35,24.0934,32.907,108.7,14,0,9.22
56,Kushmurun,KZ,2022-08-11 14:45:35,52.4503,64.6311,76.64,48,68,1.68
57,Hilo,US,2022-08-11 14:43:19,19.7297,-155.09,81.28,96,100,3.44
58,Inhambane,MZ,2022-08-11 14:45:36,-23.865,35.3833,76.98,69,0,9.22
59,Butzow,DE,2022-08-11 14:45:37,53.85,11.9833,84.65,26,8,8.48
60,Talnakh,RU,2022-08-11 14:45:37,69.4865,88.3972,54.21,72,58,2.35
61,Biak,ID,2022-08-11 14:45:38,-0.9131,122.8766,75.99,88,43,0.45
62,Bredasdorp,ZA,2022-08-11 14:45:39,-34.5322,20.0403,60.91,67,100,8.21
63,Klaksvik,FO,2022-08-11 14:45:40,62.2266,-6.589,56.32,73,45,13.65
64,Maceio,BR,2022-08-11 14:45:40,-9.6658,-35.7353,81.84,74,75,6.91
65,Vokhtoga,RU,2022-08-11 14:45:41,58.8147,41.0461,69.71,50,84,8.5
66,Puerto Del Rosario,ES,2022-08-11 14:45:42,28.5004,-13.8627,78.55,69,20,18.41
67,Kodiak,US,2022-08-11 14:45:42,57.79,-152.4072,54.91,94,100,6.91
68,Puerto Ayora,EC,2022-08-11 14:45:43,-0.7393,-90.3518,73.36,95,100,7.0
69,Mathbaria,BD,2022-08-11 14:45:44,22.2876,89.9593,77.81,95,100,5.17
70,Atherton,GB,2022-08-11 14:40:50,53.5237,-2.4935,91.26,35,6,1.34
71,Arica,CL,2022-08-11 14:45:45,-18.475,-70.3042,61.03,67,100,0.0
72,Corralillo,CU,2022-08-11 14:45:46,22.9819,-80.5856,84.7,67,77,14.83
73,Sarai,RU,2022-08-11 14:45:47,53.7458,41.0213,77.38,43,15,10.94
74,Naryan-Mar,RU,2022-08-11 14:45:47,67.6713,53.087,62.1,63,100,17.11
75,Coahuayana,MX,2022-08-11 14:45:25,18.7333,-103.6833,83.5,67,100,0.98
76,Basco,PH,2022-08-11 14:45:49,20.4487,121.9702,83.61,74,10,2.39
77,Cervo,ES,2022-08-11 14:45:49,43.6702,-7.4101,72.97,82,66,15.28
78,Lebu,CL,2022-08-11 14:42:21,-37.6167,-73.65,50.25,66,87,0.45
79,Hofn,IS,2022-08-11 14:41:20,64.2539,-15.2082,52.48,78,9,16.67
80,Kuching,MY,2022-08-11 14:45:51,1.55,110.3333,82.22,83,20,5.01
81,Half Moon Bay,US,2022-08-11 14:45:09,37.4636,-122.4286,63.86,88,100,12.66
82,Port Keats,AU,2022-08-11 14:45:52,-14.25,129.55,72.28,75,1,4.23
83,Sao Filipe,CV,2022-08-11 14:42:14,14.8961,-24.4956,80.69,67,2,15.23
84,Los Llanos De Aridane,ES,2022-08-11 14:45:53,28.6585,-17.9182,73.15,76,75,14.97
85,Geraldton,AU,2022-08-11 14:45:54,-28.7667,114.6,46.81,93,0,9.22
86,Hithadhoo,MV,2022-08-11 14:42:19,-0.6,73.0833,82.51,74,6,6.4
87,Mabaruma,GY,2022-08-11 14:45:55,8.2,-59.7833,89.44,55,7,3.22
88,Bathsheba,BB,2022-08-11 14:45:56,13.2167,-59.5167,86.61,74,40,14.97
89,Provideniya,RU,2022-08-11 14:46:57,64.3833,-173.3,49.26,96,62,5.99
90,Luderitz,NA,2022-08-11 14:46:58,-26.6481,15.1594,62.13,66,56,14.67
91,Mbamba,NG,2022-08-11 14:46:58,9.9833,13.1,76.48,80,98,5.99
92,Chuy,UY,2022-08-11 14:46:59,-33.6971,-53.4616,59.13,72,0,6.22
93,Port-Gentil,GA,2022-08-11 14:44:17,-0.7193,8.7815,80.56,69,40,11.5
94,Longyearbyen,SJ,2022-08-11 14:47:01,78.2186,15.6401,48.04,71,75,14.97
95,New Norfolk,AU,2022-08-11 14:47:02,-42.7826,147.0587,47.7,83,100,2.28
96,Cherskiy,RU,2022-08-11 14:47:02,68.75,161.3,57.04,66,12,4.7
97,Ponta Do Sol,PT,2022-08-11 14:47:03,32.6667,-17.1,74.03,85,54,5.97
98,Kenora,CA,2022-08-11 14:45:11,49.8167,-94.4337,63.57,63,20,5.75
99,Hasaki,JP,2022-08-11 14:47:05,35.7333,140.8333,81.28,87,44,24.52
100,Upernavik,GL,2022-08-11 14:47:06,72.7868,-56.1549,41.81,78,99,6.22
101,Mahebourg,MU,2022-08-11 14:47:07,-20.4081,57.7,69.26,88,75,18.41
102,The Valley,AI,2022-08-11 14:47:07,18.217,-63.0578,87.66,66,20,17.27
103,Saint Anthony,US,2022-08-11 14:47:08,45.0205,-93.218,72.95,66,0,6.91
104,Yellowknife,CA,2022-08-11 14:45:15,62.456,-114.3525,52.32,71,20,8.05
105,Cayenne,GF,2022-08-11 14:46:12,4.9333,-52.3333,89.64,15,75,5.75
106,Lahad Datu,MY,2022-08-11 14:47:11,5.0268,118.327,78.78,88,12,2.75
107,Sangar,RU,2022-08-11 14:47:11,63.9242,127.4739,57.7,91,6,1.32
108,Khatanga,RU,2022-08-11 14:47:12,71.9667,102.5,44.6,60,100,7.07
109,Severo-Kurilsk,RU,2022-08-11 14:47:12,50.6789,156.125,57.25,89,100,8.46
110,Hobart,AU,2022-08-11 14:45:30,-42.8794,147.3294,48.06,89,100,12.66
111,Talaban,PH,2022-08-11 14:47:14,10.1275,122.8697,79.21,85,88,2.93
112,Maykor,RU,2022-08-11 14:47:15,59.0059,55.88,60.17,77,100,5.1
113,Pulandian,CN,2022-08-11 14:47:15,39.3953,121.9669,68.97,91,0,1.19
114,Dubbo,AU,2022-08-11 14:47:16,-32.25,148.6167,51.93,93,100,11.5
115,Vostok,RU,2022-08-11 14:47:17,46.4856,135.8833,55.9,98,95,2.57
116,Bambous Virieux,MU,2022-08-11 14:47:18,-20.3428,57.7575,69.22,88,75,18.41
117,Srednekolymsk,RU,2022-08-11 14:47:18,67.45,153.6833,61.88,84,100,9.08
118,Macklin,CA,2022-08-11 14:47:19,52.3334,-109.9348,72.79,56,100,10.89
119,Hit,IQ,2022-08-11 14:47:20,33.6416,42.8251,102.78,16,0,15.59
120,Kharan,PK,2022-08-11 14:44:24,28.5833,65.4167,88.7,49,57,26.73
121,Castro,BR,2022-08-11 14:47:21,-24.7911,-50.0119,57.47,60,23,7.49
122,Touros,BR,2022-08-11 14:47:21,-5.1989,-35.4608,84.18,59,23,14.56
123,Teahupoo,PF,2022-08-11 14:47:22,-17.8333,-149.2667,66.16,75,10,11.83
124,Gari,RU,2022-08-11 14:47:23,59.4307,62.3497,61.72,72,100,8.77
125,Turukhansk,RU,2022-08-11 14:47:23,65.8167,87.9833,53.55,59,100,5.84
126,Bandarbeyla,SO,2022-08-11 14:47:24,9.4942,50.8122,78.3,80,88,27.11
127,Am Timan,TD,2022-08-11 14:47:25,11.0297,20.2827,78.69,74,87,8.12
128,Thompson,CA,2022-08-11 14:45:47,55.7435,-97.8558,62.76,59,20,8.05
129,Chapleau,CA,2022-08-11 14:47:26,47.8405,-83.4034,60.89,63,20,8.05
130,Cockburn Town,TC,2022-08-11 14:47:27,21.4612,-71.1419,81.54,73,8,14.52
131,San Patricio,US,2022-08-11 14:47:28,28.017,-97.5169,87.19,66,99,2.48
132,Saposoa,PE,2022-08-11 14:47:29,-6.934,-76.7716,74.21,77,57,2.44
133,Mana,GF,2022-08-11 14:47:29,5.6592,-53.7767,86.47,61,16,5.68
134,Port Lincoln,AU,2022-08-11 14:45:09,-34.7333,135.8667,54.07,74,47,20.65
135,Mogok,MM,2022-08-11 14:47:30,22.9167,96.5,66.27,97,64,2.51
136,Vila Velha,BR,2022-08-11 14:47:31,-20.3297,-40.2925,82.35,40,0,9.22
137,Varnamo,SE,2022-08-11 14:48:31,57.186,14.04,80.06,50,49,4.0
138,Nanortalik,GL,2022-08-11 14:48:32,60.1432,-45.2371,46.15,90,92,6.76
139,Souillac,MU,2022-08-11 14:48:33,-20.5167,57.5167,68.38,88,75,18.41
140,Narsaq,GL,2022-08-11 14:48:34,60.9167,-46.05,53.82,80,54,5.37
141,Lompoc,US,2022-08-11 14:48:34,34.6391,-120.4579,57.92,98,100,8.05
142,Pathein,MM,2022-08-11 14:45:40,16.7833,94.7333,78.3,88,100,8.9
143,Jurado,CO,2022-08-11 14:48:35,7.1053,-77.7641,77.09,91,99,4.68
144,Sioux Lookout,CA,2022-08-11 14:48:35,50.1001,-91.917,60.87,63,0,2.3
145,Sault Sainte Marie,CA,2022-08-11 14:47:05,46.5168,-84.3333,64.69,65,0,11.5
146,Taoudenni,ML,2022-08-11 14:48:36,22.6783,-3.9836,113.23,7,0,2.91
147,Rocha,UY,2022-08-11 14:46:26,-34.4833,-54.3333,60.06,66,0,7.56
148,Erdenet,MN,2022-08-11 14:48:37,49.0333,104.0833,57.33,82,76,1.32
149,San Cristobal,VE,2022-08-11 14:48:37,7.7669,-72.225,80.78,43,18,8.01
150,East London,ZA,2022-08-11 14:48:38,-33.0153,27.9116,65.34,77,0,5.75
151,Tshikapa,CD,2022-08-11 14:48:39,-6.4167,20.8,98.37,10,82,4.74
152,Nova Vicosa,BR,2022-08-11 14:44:59,-17.8919,-39.3719,81.32,44,92,8.39
153,Kastamonu,TR,2022-08-11 14:48:39,41.5,33.6667,74.08,51,2,13.11
154,Puerto Leguizamo,CO,2022-08-11 14:48:40,-0.1934,-74.7819,72.45,97,100,4.14
155,Khasan,RU,2022-08-11 14:48:41,42.4308,130.6434,69.62,86,93,3.83
156,Marystown,CA,2022-08-11 14:48:41,47.1666,-55.1483,61.0,76,95,11.21
157,Tuatapere,NZ,2022-08-11 14:48:42,-46.1333,167.6833,33.71,91,10,3.62
158,Matagami,CA,2022-08-11 14:48:42,49.7502,-77.6328,50.11,100,100,11.5
159,Rajgarh,IN,2022-08-11 14:48:43,28.6333,75.3833,85.87,60,100,15.43
160,Bagotville,AU,2022-08-11 14:48:43,-28.9833,153.4167,55.85,99,100,5.95
161,Skeldon,GY,2022-08-11 14:48:44,5.8833,-57.1333,88.52,58,0,4.88
162,Lulea,SE,2022-08-11 14:48:44,65.5842,22.1547,68.07,37,0,16.11
163,Santa Vitoria Do Palmar,BR,2022-08-11 14:48:45,-33.5189,-53.3681,59.0,71,0,5.93
164,Sumbe,AO,2022-08-11 14:48:46,-11.2061,13.8437,72.79,75,6,9.82
165,Jacareacanga,BR,2022-08-11 14:48:46,-6.2222,-57.7528,93.51,33,69,3.94
166,Ribeira Grande,PT,2022-08-11 14:48:47,38.5167,-28.7,75.6,78,20,8.05
167,Chara,RU,2022-08-11 14:48:47,56.9064,118.2631,53.51,80,15,4.18
168,Ilulissat,GL,2022-08-11 14:48:48,69.2167,-51.1,42.82,93,100,6.91
169,Lata,PT,2022-08-11 14:48:48,40.1629,-8.3327,84.49,46,0,11.63
170,Cidreira,BR,2022-08-11 14:48:49,-30.1811,-50.2056,62.58,64,0,2.21
171,Korla,CN,2022-08-11 14:48:49,41.7597,86.1469,91.11,21,95,16.64
172,Arraial Do Cabo,BR,2022-08-11 14:48:50,-22.9661,-42.0278,71.56,78,40,33.38
173,Laem Sing,TH,2022-08-11 14:48:50,12.4816,102.0738,82.15,86,100,11.32
174,Rio Grande,BR,2022-08-11 14:48:51,-32.035,-52.0986,62.71,74,1,3.91
175,Hutchinson,US,2022-08-11 14:46:06,38.0608,-97.9298,78.75,65,0,9.22
176,Launceston,AU,2022-08-11 14:48:52,-41.45,147.1667,46.62,97,40,3.44
177,Salinopolis,BR,2022-08-11 14:48:53,-0.6136,-47.3561,82.54,73,68,10.54
178,Ossora,RU,2022-08-11 14:48:54,59.2353,163.0719,54.5,90,100,3.51
179,Aksay,RU,2022-08-11 14:48:54,47.26,39.87,97.25,14,91,14.0
180,Coxim,BR,2022-08-11 14:48:55,-18.5067,-54.76,69.85,37,0,7.58
181,Sinnamary,GF,2022-08-11 14:49:55,5.3833,-52.95,85.41,64,15,6.26
182,Loandjili,CG,2022-08-11 14:49:56,-4.7561,11.8578,74.89,72,84,8.19
183,Nuuk,GL,2022-08-11 14:49:57,64.1835,-51.7216,50.61,76,40,1.14
184,Zelenoborsk,RU,2022-08-11 14:49:57,61.4669,64.0333,62.47,93,75,3.22
185,Salekhard,RU,2022-08-11 14:49:57,66.53,66.6019,54.32,92,100,4.34
186,Van,TR,2022-08-11 14:49:58,38.4924,43.3831,81.75,34,20,4.61
187,Bengkulu,ID,2022-08-11 14:49:58,-3.8004,102.2655,77.58,89,22,3.6
188,Harbour Breton,CA,2022-08-11 14:49:59,47.4833,-55.7983,60.69,78,100,8.5
189,Grindavik,IS,2022-08-11 14:49:59,63.8424,-22.4338,52.27,76,75,14.97
190,Tazovskiy,RU,2022-08-11 14:50:00,67.4667,78.7,55.18,69,57,7.76
191,Guerrero Negro,MX,2022-08-11 14:50:00,27.9769,-114.0611,74.44,69,74,8.41
192,Laytown,IE,2022-08-11 14:50:01,53.6819,-6.2392,82.71,59,0,5.75
193,Avarua,CK,2022-08-11 14:50:01,-21.2078,-159.775,71.65,83,75,8.05
194,Nueva Germania,PY,2022-08-11 14:50:02,-23.9,-56.5667,68.16,48,0,6.42
195,Kayes,ML,2022-08-11 14:50:03,14.0,-11.0,90.43,55,69,7.0
196,Pisco,PE,2022-08-11 14:50:03,-13.7,-76.2167,59.05,94,100,1.14
197,Sakaiminato,JP,2022-08-11 14:50:04,35.55,133.2333,82.38,94,75,3.44
198,Plettenberg Bay,ZA,2022-08-11 14:50:05,-34.0527,23.3716,59.85,80,65,4.61
199,Vardo,NO,2022-08-11 14:50:09,70.3705,31.1107,53.58,82,75,18.41
200,Marzuq,YE,2022-08-11 14:50:09,14.4,46.4667,82.42,59,100,10.27
201,Awjilah,LY,2022-08-11 14:50:10,29.1081,21.2869,96.39,15,0,14.47
202,San Quintin,MX,2022-08-11 14:50:11,30.4833,-115.95,72.9,78,16,6.87
203,Harper,LR,2022-08-11 14:50:11,4.375,-7.7169,79.38,70,57,10.2
204,Yabrud,SY,2022-08-11 14:50:12,33.9674,36.6574,84.7,15,0,9.75
205,Yangcun,CN,2022-08-11 14:50:12,39.3639,117.0603,79.0,88,2,6.33
206,Tiksi,RU,2022-08-11 14:50:13,71.6872,128.8694,45.95,91,100,7.11
207,Porto Nacional,BR,2022-08-11 14:50:14,-10.7081,-48.4172,84.2,23,71,3.04
208,Tiarei,PF,2022-08-11 14:47:29,-17.5333,-149.3333,71.62,75,3,10.38
209,Dawei,MM,2022-08-11 14:50:15,14.0833,98.2,75.22,94,100,6.42
210,Kathu,TH,2022-08-11 14:50:16,7.9178,98.3332,82.22,78,94,11.36
211,Poum,NC,2022-08-11 14:50:16,-20.2333,164.0167,69.46,60,47,11.34
212,Bastia,FR,2022-08-11 14:50:17,42.6667,9.3333,89.4,47,0,6.91
213,Emba,KZ,2022-08-11 14:50:18,48.8264,58.1442,86.49,24,6,8.75
214,Port Elizabeth,ZA,2022-08-11 14:48:40,-33.918,25.5701,66.09,75,0,5.75
215,Nadym,RU,2022-08-11 14:50:07,65.5333,72.5167,62.19,57,100,5.46
216,Naze,JP,2022-08-11 14:50:19,28.3667,129.4833,76.12,78,100,3.87
217,Namibe,AO,2022-08-11 14:50:20,-15.1961,12.1522,67.39,75,53,10.16
218,Mbeya,TZ,2022-08-11 14:50:20,-8.9,33.45,69.78,40,15,6.02
219,Inhambupe,BR,2022-08-11 14:50:21,-11.7844,-38.3531,89.38,27,0,6.55
220,Peruibe,BR,2022-08-11 14:50:21,-24.32,-46.9983,61.65,87,92,9.62
221,Kavaratti,IN,2022-08-11 14:50:22,10.5669,72.642,81.61,81,34,19.98
222,Haines Junction,CA,2022-08-11 14:50:22,60.7522,-137.5108,48.13,92,100,0.67
223,Jatai,BR,2022-08-11 14:50:23,-17.8814,-51.7144,66.79,36,17,7.67
224,Patabog,PH,2022-08-11 14:50:23,13.4531,122.4561,78.58,85,60,1.21
225,Laguna,US,2022-08-11 14:50:24,38.421,-121.4238,74.08,81,0,4.61
226,Tobol,KZ,2022-08-11 14:50:24,52.6844,62.5794,77.79,42,28,1.25
227,Zhigansk,RU,2022-08-11 14:50:25,66.7697,123.3711,50.4,76,88,18.7
228,Morgan City,US,2022-08-11 14:51:26,29.6994,-91.2068,80.01,82,100,5.84
229,Altay,CN,2022-08-11 14:51:26,47.8667,88.1167,69.91,31,0,6.67
230,Sitka,US,2022-08-11 14:51:27,57.0531,-135.33,55.29,94,40,0.0
231,Omsukchan,RU,2022-08-11 14:51:27,62.5333,155.8,50.58,97,100,6.02
232,Lastoursville,GA,2022-08-11 14:51:28,-0.8143,12.7287,83.25,65,75,4.34
233,Nivala,FI,2022-08-11 14:51:28,63.9167,24.9667,67.68,51,89,11.79
234,Airai,TL,2022-08-11 14:51:29,-8.9266,125.4092,58.86,96,65,2.93
235,Norman Wells,CA,2022-08-11 14:51:29,65.282,-126.8329,46.44,81,75,8.05
236,Saint Paul,US,2022-08-11 14:50:29,44.9444,-93.0933,73.58,66,0,5.75
237,Ugoofaaru,MV,2022-08-11 14:51:31,5.6667,73.0,81.1,84,68,11.79
238,Sept-Iles,CA,2022-08-11 14:47:11,50.2001,-66.3821,63.12,89,100,5.75
239,West Bay,KY,2022-08-11 14:51:32,19.3667,-81.4167,88.07,75,75,6.91
240,Coihaique,CL,2022-08-11 14:49:11,-45.5752,-72.0662,42.75,75,75,0.0
241,Lekoni,GA,2022-08-11 14:51:32,-1.5843,14.2591,92.73,27,99,6.96
242,Japura,ID,2022-08-11 14:51:33,-0.3167,102.35,80.69,78,92,2.42
243,Brae,GB,2022-08-11 14:51:33,60.3964,-1.353,55.92,93,100,15.41
244,Waipawa,NZ,2022-08-11 14:51:34,-41.4122,175.5153,38.88,86,90,2.48
245,Carnarvon,AU,2022-08-11 14:51:34,-24.8667,113.6333,63.3,31,0,15.01
246,Tamandare,BR,2022-08-11 14:51:35,-8.7597,-35.1047,79.88,72,84,9.89
247,Buritis,BR,2022-08-11 14:51:35,-15.6178,-46.4233,82.42,25,98,3.0
248,Merida,MX,2022-08-11 14:51:36,20.9667,-89.6167,79.02,81,98,4.0
249,Coquimbo,CL,2022-08-11 14:48:53,-29.9533,-71.3436,49.73,100,75,3.44
250,Aasiaat,GL,2022-08-11 14:51:37,68.7098,-52.8699,38.03,90,89,6.44
251,Faranah,GN,2022-08-11 14:51:37,10.0404,-10.7434,78.08,87,100,5.35
252,Flinders,AU,2022-08-11 14:51:38,-34.5833,150.8552,58.05,81,100,4.0
253,Jiayuguan,CN,2022-08-11 14:51:38,39.8167,98.3,85.14,40,94,13.49
254,Yar-Sale,RU,2022-08-11 14:51:39,66.8333,70.8333,54.95,80,100,6.22
255,Nouadhibou,MR,2022-08-11 14:51:39,20.931,-17.0347,82.38,57,30,19.57
256,Imbituba,BR,2022-08-11 14:51:40,-28.24,-48.6703,62.1,88,57,11.01
257,Micco,US,2022-08-11 14:51:42,27.8806,-80.5003,90.09,72,100,1.99
258,Chiredzi,ZW,2022-08-11 14:51:42,-21.05,31.6667,81.48,28,0,8.52
259,Ternate,ID,2022-08-11 14:51:42,0.8,127.4,81.32,77,54,3.0
260,Hearst,CA,2022-08-11 14:51:43,49.6835,-83.6665,60.39,40,0,10.51
261,Meulaboh,ID,2022-08-11 14:51:44,4.1363,96.1285,78.62,80,89,1.48
262,Locri,IT,2022-08-11 14:51:44,38.2414,16.2623,83.32,75,45,11.65
263,Kruisfontein,ZA,2022-08-11 14:51:45,-34.0033,24.7314,63.88,75,100,8.05
264,Atar,MR,2022-08-11 14:51:45,20.5169,-13.0499,109.13,14,100,14.56
265,Henties Bay,NA,2022-08-11 14:51:46,-22.116,14.2845,61.38,66,1,8.32
266,La Ronge,CA,2022-08-11 14:51:47,55.1001,-105.2842,66.42,68,40,9.22
267,Slave Lake,CA,2022-08-11 14:51:47,55.2834,-114.769,58.98,94,0,3.44
268,Balakhninskiy,RU,2022-08-11 14:51:48,58.0106,114.2769,56.3,94,100,1.45
269,Thatta,PK,2022-08-11 14:51:48,24.7475,67.9235,86.83,77,100,7.65
270,Katobu,ID,2022-08-11 14:51:49,-4.9408,122.5276,74.53,96,94,4.23
271,Bilma,NE,2022-08-11 14:51:49,18.6853,12.9164,106.57,6,5,7.61
272,Dingle,PH,2022-08-11 14:51:50,10.9995,122.6711,77.16,88,86,1.5
273,Skegness,GB,2022-08-11 14:49:20,53.1436,0.3363,86.02,71,32,12.75
274,Zhigalovo,RU,2022-08-11 14:52:51,54.8097,105.1578,54.19,94,67,3.36
275,Derzhavinsk,KZ,2022-08-11 14:52:51,51.1,66.3167,74.68,47,72,3.58
276,Natal,BR,2022-08-11 14:50:32,-5.795,-35.2094,86.22,66,40,13.8
277,Port Augusta,AU,2022-08-11 14:52:52,-32.5,137.7667,54.1,80,77,13.29
278,Parkersburg,US,2022-08-11 14:44:58,39.2667,-81.5615,79.0,68,20,3.44
279,Jiujiang,CN,2022-08-11 14:52:53,29.7333,115.9833,87.78,54,94,4.07
280,Kedougou,SN,2022-08-11 14:52:54,12.5579,-12.1743,84.85,76,80,1.3
281,Margate,GB,2022-08-11 14:52:54,51.3813,1.3862,84.11,72,0,1.01
282,Nador,MA,2022-08-11 14:52:55,35.174,-2.9287,89.67,62,20,10.36
283,Port Hedland,AU,2022-08-11 14:52:55,-20.3167,118.5667,68.05,40,40,10.36
284,Albolote,ES,2022-08-11 14:52:56,37.2309,-3.6551,100.35,24,20,8.05
285,Norrtalje,SE,2022-08-11 14:52:56,59.758,18.705,78.44,33,13,9.33
286,Pueblo Nuevo,MX,2022-08-11 14:52:57,23.3833,-105.3833,65.07,70,100,3.06
287,Sharan,RU,2022-08-11 14:52:57,54.8167,54.0,66.87,63,72,7.72
288,Bua Yai,TH,2022-08-11 14:52:58,15.5855,102.4259,75.78,85,100,9.93
289,Berlevag,NO,2022-08-11 14:52:58,70.8578,29.0864,58.95,63,40,19.57
290,Belmonte,BR,2022-08-11 14:52:59,-15.8631,-38.8828,82.13,59,24,9.89
291,Komsomolskiy,UZ,2022-08-11 14:52:59,40.4272,71.7189,84.92,23,76,4.61
292,Bubaque,GW,2022-08-11 14:53:00,11.2833,-15.8333,81.66,79,98,13.42
293,Churapcha,RU,2022-08-11 14:53:01,62.0025,132.4325,57.97,91,100,1.66
294,Luena,AO,2022-08-11 14:53:01,-11.7833,19.9167,84.2,9,2,7.05
295,Gravdal,NO,2022-08-11 14:53:02,68.1214,13.5031,53.49,76,75,12.66
296,Heihe,CN,2022-08-11 14:53:02,50.2441,127.4902,55.98,92,91,5.28
297,Owo,NG,2022-08-11 14:53:03,7.1962,5.5868,72.32,95,100,4.59
298,Vestmannaeyjar,IS,2022-08-11 14:53:03,63.4427,-20.2734,52.79,87,75,11.5
299,Bowen,AU,2022-08-11 14:53:04,-20.0167,148.2333,67.57,76,100,13.11
300,Bulgan,MN,2022-08-11 14:53:04,48.8125,103.5347,59.31,82,93,1.88
301,Zhetysay,KZ,2022-08-11 14:53:05,40.7333,68.3,78.17,23,0,8.84
302,Hambantota,LK,2022-08-11 14:53:06,6.1241,81.1185,84.54,70,20,18.41
303,Esperance,AU,2022-08-11 14:53:06,-33.8667,121.9,55.18,71,93,9.31
304,Kasama,ZM,2022-08-11 14:53:07,-10.2129,31.1808,79.03,21,7,6.6
305,Hervey Bay,AU,2022-08-11 14:53:07,-25.2986,152.8535,62.46,84,67,8.12
306,Northam,GB,2022-08-11 14:53:08,51.0333,-4.2167,90.25,30,0,12.57
307,Dalmatovo,RU,2022-08-11 14:53:08,56.26,62.9362,67.28,86,99,6.04
308,Mombasa,KE,2022-08-11 14:53:09,-4.0547,39.6636,77.41,73,75,10.36
309,Durusu,TR,2022-08-11 14:53:09,41.3053,28.6767,80.78,76,1,7.0
310,Karaton,ID,2022-08-11 14:53:09,-6.3424,106.1045,75.24,93,30,1.43
311,Arcabuco,CO,2022-08-11 14:53:10,5.7546,-73.4367,64.09,51,14,3.85
312,Fortuna,US,2022-08-11 14:53:11,40.5982,-124.1573,61.93,93,100,3.44
313,Huarmey,PE,2022-08-11 14:53:11,-10.0681,-78.1522,65.82,74,57,6.22
314,Tigil,RU,2022-08-11 14:53:12,57.8,158.6667,57.63,89,100,4.68
315,Mounana,GA,2022-08-11 14:53:12,-1.4085,13.1586,84.11,28,100,4.41
316,Klyuchi,RU,2022-08-11 14:54:13,52.2667,79.1667,66.02,76,74,7.11
317,Kandrian,PG,2022-08-11 14:54:13,-6.2167,149.55,76.32,95,100,6.24
318,San Pedro,PH,2022-08-11 14:54:14,14.35,121.0167,80.35,86,100,2.3
319,Urengoy,RU,2022-08-11 14:54:15,65.9667,78.3667,56.61,57,100,8.12
320,Dongsheng,CN,2022-08-11 14:54:15,39.8161,109.9776,76.48,65,0,7.76
321,Penzance,GB,2022-08-11 14:54:16,50.1186,-5.5371,83.08,53,0,6.91
322,Richards Bay,ZA,2022-08-11 14:54:16,-28.783,32.0377,73.67,70,1,14.12
323,Soderhamn,SE,2022-08-11 14:54:17,61.3037,17.0592,80.96,60,93,9.37
324,Karratha,AU,2022-08-11 14:54:18,-20.7377,116.8463,68.2,58,0,6.22
325,Montevideo,UY,2022-08-11 14:54:18,-34.8335,-56.1674,56.91,76,0,13.8
326,Malmesbury,ZA,2022-08-11 14:54:19,-33.4608,18.7271,57.78,64,100,7.94
327,Uray,RU,2022-08-11 14:54:20,60.1247,64.7758,62.58,95,100,1.52
328,Atemar,RU,2022-08-11 14:54:21,54.181,45.4091,71.71,60,81,7.29
329,Shache,CN,2022-08-11 14:54:22,38.4167,77.2406,87.46,36,82,3.22
330,Kiunga,PG,2022-08-11 14:54:22,-6.1219,141.2906,72.61,99,91,2.42
331,Buala,SB,2022-08-11 14:54:23,-8.145,159.5921,79.3,82,78,3.74
332,Sao Felix Do Xingu,BR,2022-08-11 14:54:23,-6.6447,-51.995,96.4,25,21,3.4
333,Alofi,NU,2022-08-11 14:50:42,-19.0595,-169.9187,75.09,83,16,5.75
334,Marsh Harbour,BS,2022-08-11 14:54:24,26.5412,-77.0636,83.28,67,5,9.66
335,Kula,TR,2022-08-11 14:54:25,38.5473,28.6498,88.99,21,18,11.03
336,Mount Isa,AU,2022-08-11 14:53:44,-20.7333,139.5,67.77,32,99,13.8
337,Linxia,CN,2022-08-11 14:54:26,35.6003,103.2064,72.37,80,100,4.63
338,Gamba,GA,2022-08-11 14:54:22,-2.65,10.0,76.33,69,77,9.48
339,Oranjestad,AW,2022-08-11 14:50:07,12.524,-70.027,87.75,70,20,20.71
340,Pevek,RU,2022-08-11 14:54:27,69.7008,170.3133,37.76,93,86,5.99
341,Jawhar,SO,2022-08-11 14:54:28,2.7809,45.5005,78.82,60,62,19.62
342,Walvis Bay,NA,2022-08-11 14:54:29,-22.9575,14.5053,56.08,51,9,10.76
343,Tolaga Bay,NZ,2022-08-11 14:54:29,-38.3667,178.3,48.22,88,98,13.18
344,Botshabelo,ZA,2022-08-11 14:54:30,-29.2702,26.7052,76.37,18,6,8.28
345,Kavieng,PG,2022-08-11 14:54:30,-2.5744,150.7967,80.58,81,28,8.97
346,Pangnirtung,CA,2022-08-11 14:54:31,66.1451,-65.7125,50.0,71,75,5.75
347,Dudinka,RU,2022-08-11 14:54:32,69.4058,86.1778,54.63,61,85,5.84
348,Ballina,AU,2022-08-11 14:54:32,-28.8667,153.5667,56.01,99,100,7.36
349,Saint-Pierre,RE,2022-08-11 14:54:33,-21.3393,55.4781,69.48,65,40,16.11
350,Starkville,US,2022-08-11 14:51:08,33.4504,-88.8184,80.44,85,66,1.77
351,Villeneuve-Sur-Lot,FR,2022-08-11 14:54:34,44.5,0.6667,100.45,31,5,2.86
352,Abalak,RU,2022-08-11 14:54:34,58.1286,68.5944,67.5,63,6,5.1
353,Rawlins,US,2022-08-11 14:50:44,41.7911,-107.2387,72.36,40,75,16.11
354,Chicama,PE,2022-08-11 14:54:36,-7.8447,-79.1469,59.54,68,23,5.61
355,Victoria,HK,2022-08-11 14:50:46,22.2855,114.1577,81.32,90,97,7.0
356,Umm Lajj,SA,2022-08-11 14:54:38,25.0213,37.2685,90.0,60,36,11.61
357,Lichinga,MZ,2022-08-11 14:54:38,-13.3128,35.2406,68.09,45,75,11.5
358,Mendi,PG,2022-08-11 14:54:39,-6.1761,143.6513,55.78,99,96,1.39
359,Severomuysk,RU,2022-08-11 14:54:40,56.1481,113.4267,45.39,87,100,4.0
360,Ancud,CL,2022-08-11 14:50:23,-41.8697,-73.8203,48.02,88,100,15.82
361,Kahului,US,2022-08-11 14:51:39,20.8947,-156.47,79.84,69,100,11.5
362,Keflavik,IS,2022-08-11 14:55:41,64.0049,-22.5624,52.23,76,75,14.97
363,Namatanai,PG,2022-08-11 14:55:42,-3.6667,152.4333,79.09,82,100,7.58
364,Iqaluit,CA,2022-08-11 14:55:42,63.7506,-68.5145,49.73,71,75,4.61
365,Sao Joao Da Barra,BR,2022-08-11 14:55:43,-21.6403,-41.0511,77.09,41,84,7.11
366,Isangel,VU,2022-08-11 14:55:44,-19.55,169.2667,69.21,62,42,13.31
367,Broome,US,2022-08-11 14:55:45,42.2506,-75.833,78.48,64,7,4.0
368,Wakkanai,JP,2022-08-11 14:55:46,45.4094,141.6739,68.99,85,96,11.99
369,Puerto Escondido,MX,2022-08-11 14:55:46,15.85,-97.0667,79.03,81,100,2.21
370,Batemans Bay,AU,2022-08-11 14:55:47,-35.7167,150.1833,54.1,65,100,10.13
371,Ostrovnoy,RU,2022-08-11 14:55:47,68.0531,39.5131,57.63,84,100,12.5
372,Adrar,MR,2022-08-11 14:55:48,20.5022,-10.0711,103.55,21,8,8.66
373,Saldanha,ZA,2022-08-11 14:55:17,-33.0117,17.9442,60.85,80,100,9.4
374,Champawat,IN,2022-08-11 14:55:49,29.3333,80.1,66.72,79,74,2.33
375,Tual,ID,2022-08-11 14:55:50,-5.6667,132.75,80.17,82,73,12.84
376,Marienburg,PL,2022-08-11 14:55:50,54.0359,19.0266,80.89,30,3,11.95
377,Port Lavaca,US,2022-08-11 14:53:59,28.615,-96.6261,83.28,88,0,4.61
378,Xuanzhou,CN,2022-08-11 14:55:51,30.9525,118.7553,78.6,82,100,6.64
379,Mugumu,TZ,2022-08-11 14:55:53,-1.85,34.7,76.24,38,92,5.03
380,Le Port,RE,2022-08-11 14:55:53,-20.9373,55.2919,69.8,68,23,8.34
381,Baltiysk,RU,2022-08-11 14:55:54,54.6538,19.911,70.95,57,30,12.93
382,Pangai,TO,2022-08-11 14:55:54,-19.8,-174.35,76.08,85,18,13.31
383,Selty,RU,2022-08-11 14:55:55,57.3132,52.1345,65.14,67,92,5.35
384,Cabedelo,BR,2022-08-11 14:52:16,-6.9811,-34.8339,81.27,67,47,10.4
385,Kodinsk,RU,2022-08-11 14:55:56,58.6881,99.1844,56.66,97,14,4.36
386,Jaque,PA,2022-08-11 14:55:56,7.5175,-78.1703,76.96,93,99,5.79
387,Xuddur,SO,2022-08-11 14:55:57,4.1213,43.8894,79.07,53,97,19.64
388,Arandis,NA,2022-08-11 14:55:57,-22.4167,14.9667,76.69,20,0,9.75
389,Hamilton,US,2022-08-11 14:52:15,39.1834,-84.5333,79.11,73,0,9.22
390,Baraki Barak,AF,2022-08-11 14:55:58,33.9675,68.9486,76.66,46,83,11.86
391,Kitgum,UG,2022-08-11 14:55:59,3.2783,32.8867,71.65,89,100,4.14
392,Veinticinco De Mayo,AR,2022-08-11 14:56:00,-35.4323,-60.1727,57.97,62,0,8.01
393,Schladming,AT,2022-08-11 14:56:01,47.3929,13.687,73.54,100,87,6.55
394,Kouvola,FI,2022-08-11 14:56:02,60.8667,26.7,80.24,59,0,14.97
395,Conde,BR,2022-08-11 14:52:09,-7.2597,-34.9075,80.06,78,40,11.5
396,Port Hardy,CA,2022-08-11 14:56:03,50.6996,-127.4199,57.38,100,100,2.3
397,Apatou,GF,2022-08-11 14:56:04,5.155,-54.3472,92.73,47,12,2.35
398,Rorvik,NO,2022-08-11 14:56:05,64.8621,11.2373,58.98,82,40,20.71
399,Valle Hermoso,MX,2022-08-11 14:56:06,25.6667,-97.8333,86.9,54,34,6.22
400,Kaitangata,NZ,2022-08-11 14:52:39,-46.2817,169.8464,31.53,93,9,4.81
401,Chernyshevskiy,RU,2022-08-11 14:56:08,63.0128,112.4714,58.75,78,100,3.02
402,Bayanday,RU,2022-08-11 14:56:08,53.0661,105.5139,52.52,91,2,3.15
403,Mpulungu,ZM,2022-08-11 14:56:09,-8.7623,31.1141,78.57,41,100,1.52
404,Padang,ID,2022-08-11 14:56:10,-0.9492,100.3543,80.56,83,69,1.83
405,Ulladulla,AU,2022-08-11 14:56:10,-35.35,150.4667,56.91,69,100,9.13
406,Lorengau,PG,2022-08-11 14:56:11,-2.0226,147.2712,80.35,77,33,3.0
407,Sumenep,ID,2022-08-11 14:56:11,-7.0167,113.8667,81.21,78,10,14.12
408,Yulara,AU,2022-08-11 14:56:12,-25.2406,130.9889,50.09,36,0,13.27
409,Losevo,RU,2022-08-11 14:57:13,50.6767,40.045,81.81,41,66,8.88
410,Mount Gambier,AU,2022-08-11 14:57:14,-37.8333,140.7667,47.84,77,100,5.59
411,Ixtapa,MX,2022-08-11 14:57:14,20.7,-105.2,83.23,71,100,1.99
412,Monrovia,LR,2022-08-11 14:54:01,6.3005,-10.7969,82.17,75,81,14.2
413,Dzilam Gonzalez,MX,2022-08-11 14:57:16,21.2833,-88.9333,79.39,81,100,3.85
414,Korocha,RU,2022-08-11 14:57:17,50.8107,37.1953,83.12,37,24,14.65
415,Gat,IL,2022-08-11 14:57:18,31.61,34.7642,89.4,100,0,12.95
416,Soma,TR,2022-08-11 14:57:19,39.1855,27.6094,86.85,33,0,19.57
417,Lyuban,BY,2022-08-11 14:57:20,52.7985,28.0048,72.93,58,77,11.7
418,San Carlos De Bariloche,AR,2022-08-11 14:57:20,-41.1456,-71.3082,44.35,70,40,17.27
419,Can Tho,VN,2022-08-11 14:57:21,10.0333,105.7833,73.38,100,40,1.14
420,Sabancuy,MX,2022-08-11 14:57:21,18.9667,-91.1833,79.83,73,97,5.68
421,Stykkisholmur,IS,2022-08-11 14:57:22,65.0757,-22.7297,52.3,71,100,10.45
422,Imuris,MX,2022-08-11 14:57:23,30.7833,-110.8667,78.82,56,86,4.85
423,Neyshabur,IR,2022-08-11 14:57:24,36.2133,58.7958,80.91,15,0,6.04
424,Constantine,DZ,2022-08-11 14:57:25,36.365,6.6147,94.41,18,20,11.5
425,Djambala,CG,2022-08-11 14:57:26,-2.5447,14.7533,88.92,27,100,7.96
426,Pierre,US,2022-08-11 14:57:27,44.3683,-100.351,77.05,69,40,14.97
427,Togur,RU,2022-08-11 14:57:28,58.3631,82.8265,56.82,63,4,6.76
428,Murighiol,RO,2022-08-11 14:57:29,45.0333,29.1667,82.89,37,22,14.72
429,College,US,2022-08-11 14:57:29,64.8569,-147.8028,50.79,83,0,4.61
430,Asau,RO,2022-08-11 14:57:30,46.4333,26.4,76.28,48,64,7.72
431,Krasnovishersk,RU,2022-08-11 14:57:31,60.4078,57.082,52.74,97,100,9.13
432,Qaqortoq,GL,2022-08-11 14:57:31,60.7167,-46.0333,45.9,92,90,4.21
433,Houston,US,2022-08-11 14:43:23,29.7633,-95.3633,83.97,82,75,6.91
434,Samfya,ZM,2022-08-11 14:57:32,-11.3649,29.5565,81.03,22,11,5.48
435,Chimore,BO,2022-08-11 14:57:33,-16.9833,-65.1333,73.69,47,0,3.11
436,Banda Aceh,ID,2022-08-11 14:55:03,5.5577,95.3222,79.74,78,88,12.01
437,Vendome,FR,2022-08-11 14:57:34,47.8,1.0667,93.49,27,0,13.49
438,Port Hueneme,US,2022-08-11 14:57:34,34.1478,-119.1951,82.53,64,100,4.18
439,Buin,CL,2022-08-11 14:57:35,-33.7333,-70.75,67.87,47,72,1.83
440,Isiolo,KE,2022-08-11 14:57:37,0.3546,37.5822,77.43,45,49,18.79
441,Alberdi,AR,2022-08-11 14:57:37,-32.8899,-60.6906,62.2,63,0,13.8
442,Knysna,ZA,2022-08-11 14:57:38,-34.0363,23.0471,61.0,78,56,4.47
443,Kutum,SD,2022-08-11 14:57:39,14.2,24.6667,78.57,61,97,18.28
444,Leogane,HT,2022-08-11 14:57:39,18.5108,-72.6339,86.2,61,3,4.23
445,Piazza Armerina,IT,2022-08-11 14:57:40,37.3859,14.3672,69.82,65,81,6.58
446,Sobolevo,RU,2022-08-11 14:57:41,54.4299,31.8996,71.92,61,0,7.38
447,Mehamn,NO,2022-08-11 14:53:53,71.0357,27.8492,58.91,71,100,17.27
448,Kyshtym,RU,2022-08-11 14:57:42,55.714,60.5528,66.29,79,100,8.75
449,Dunedin,NZ,2022-08-11 14:57:43,-45.8742,170.5036,37.8,77,26,1.99
450,Olafsvik,IS,2022-08-11 14:57:43,64.8945,-23.7142,51.13,80,100,17.65
451,Krasnoselkup,RU,2022-08-11 14:57:44,65.7,82.4667,56.7,51,100,3.94
452,Mayo,US,2022-08-11 14:57:44,38.8876,-76.5119,80.37,79,100,5.99
453,Te Anau,NZ,2022-08-11 14:57:45,-45.4167,167.7167,30.51,90,41,0.54
454,Virginia Beach,US,2022-08-11 14:56:53,36.8529,-75.978,84.02,81,81,3.0
455,Tomakomai,JP,2022-08-11 14:58:46,42.6369,141.6033,68.16,100,75,2.3
456,Beringovskiy,RU,2022-08-11 14:58:47,63.05,179.3167,53.37,77,100,14.18
457,Palmerston,AU,2022-08-11 14:58:47,-12.486,130.9833,76.98,87,20,3.44
458,Presque Isle,US,2022-08-11 14:58:48,46.6811,-68.0159,72.28,73,75,9.22
459,Tyrma,RU,2022-08-11 14:58:48,50.0833,132.1667,51.35,97,37,1.61
460,Oistins,BB,2022-08-11 14:58:49,13.0667,-59.5333,86.09,74,40,14.97
461,Skibbereen,IE,2022-08-11 14:58:50,51.55,-9.2667,77.11,48,0,4.43
462,Sakakah,SA,2022-08-11 14:58:50,29.9697,40.2064,108.97,15,0,11.3
463,Teya,RU,2022-08-11 14:58:51,60.3778,92.6267,50.94,73,0,3.58
464,Iskateley,RU,2022-08-11 14:58:52,67.6803,53.1512,62.01,62,100,17.29
465,Hobyo,SO,2022-08-11 14:55:10,5.3505,48.5268,78.37,72,66,25.05
466,Tromso,NO,2022-08-11 14:58:52,69.6496,18.957,51.82,76,75,28.77
467,Tsumeb,NA,2022-08-11 14:58:53,-19.2333,17.7167,84.6,7,0,3.49
468,Riyadh,SA,2022-08-11 14:58:54,24.6877,46.7219,109.54,10,80,16.26
469,Contamana,PE,2022-08-11 14:58:55,-7.3333,-75.0167,80.78,52,2,3.96
470,Korem,ET,2022-08-11 14:58:55,12.5058,39.5228,59.47,78,100,6.24
471,Aklavik,CA,2022-08-11 14:58:56,68.2191,-135.0107,51.8,82,75,2.3
472,Eirunepe,BR,2022-08-11 14:58:57,-6.6603,-69.8736,81.34,51,13,4.74
473,Murmashi,RU,2022-08-11 14:58:57,68.8154,32.8115,66.61,42,20,8.95
474,Salamiyah,SY,2022-08-11 14:58:58,35.0113,37.0532,85.77,37,0,22.86
475,Maragogi,BR,2022-08-11 14:58:58,-9.0122,-35.2225,80.31,70,82,10.83
476,Mugur-Aksy,RU,2022-08-11 14:58:59,50.35,90.5,50.16,86,64,3.04
477,Dwarka,IN,2022-08-11 14:58:59,22.2394,68.9678,83.21,84,100,3.11
478,Nome,US,2022-08-11 14:59:00,64.5011,-165.4064,50.07,87,100,9.22
479,Vao,NC,2022-08-11 14:58:53,-22.6667,167.4833,68.22,57,1,18.16
480,Alanya,TR,2022-08-11 14:59:01,36.5438,31.9998,85.12,70,4,7.52
481,Lidkoping,SE,2022-08-11 14:59:01,58.5052,13.1577,78.42,46,6,14.36
482,Wangkui,CN,2022-08-11 14:59:03,46.8333,126.5,56.91,91,7,4.68
483,Dalvik,IS,2022-08-11 14:59:04,65.9702,-18.5286,58.93,67,100,2.46
484,Manadhoo,MV,2022-08-11 14:59:05,5.7667,73.3833,81.09,83,56,11.16
485,Teguise,ES,2022-08-11 14:59:06,29.0605,-13.564,79.02,51,20,18.41
486,Frankfort,ZA,2022-08-11 14:54:54,-27.2667,28.4833,69.37,15,0,4.99
487,Kiama,AU,2022-08-11 14:59:08,-34.6833,150.8667,58.24,78,100,5.99
488,Fort Nelson,CA,2022-08-11 14:59:08,58.8053,-122.7002,51.39,87,100,6.91
489,Necochea,AR,2022-08-11 14:59:09,-38.5473,-58.7368,56.07,57,0,19.42
490,Haapiti,PF,2022-08-11 14:59:09,-17.5667,-149.8667,71.33,73,2,11.63
491,Eyl,SO,2022-08-11 14:59:10,7.9803,49.8164,79.36,68,99,23.71
492,Goundam,ML,2022-08-11 14:59:10,16.4145,-3.6708,99.91,30,36,4.59
493,Baykit,RU,2022-08-11 14:59:11,61.67,96.37,50.67,74,25,5.03
494,Karpogory,RU,2022-08-11 14:59:12,64.0019,44.4451,68.94,57,100,12.33
495,Camacha,PT,2022-08-11 14:59:12,33.0833,-16.3333,72.82,64,20,12.66
496,Mao,ES,2022-08-11 14:59:13,39.8885,4.2658,90.16,37,0,13.8
497,Sabha,LY,2022-08-11 14:59:14,27.0377,14.4283,98.47,12,0,12.46
498,Romitan,UZ,2022-08-11 14:59:14,39.9343,64.3814,85.95,28,0,9.22
499,Prainha,BR,2022-08-11 14:59:15,-1.8,-53.48,92.14,41,49,3.29
500,Motygino,RU,2022-08-11 14:59:15,58.1831,94.7592,57.43,92,5,4.54
501,Atikokan,CA,2022-08-11 14:59:16,48.7555,-91.6216,66.27,40,0,2.55
502,Saint-Francois,FR,2022-08-11 14:59:17,46.4154,3.9054,94.44,18,0,8.05
503,Baruun-Urt,MN,2022-08-11 15:00:17,46.6806,113.2792,60.46,55,100,3.98
504,Westport,US,2022-08-11 15:00:18,41.1415,-73.3579,80.74,85,75,4.61
505,Vanavara,RU,2022-08-11 15:00:18,60.34,102.2797,54.23,98,74,4.16
506,Veshenskaya,RU,2022-08-11 15:00:19,49.6303,41.7334,91.67,24,40,14.72
507,Viransehir,TR,2022-08-11 15:00:19,37.2353,39.7631,98.51,21,0,10.0
508,Abu Zabad,SD,2022-08-11 15:00:20,12.35,29.25,72.86,89,100,7.43
509,Quatre Cocos,MU,2022-08-11 15:00:21,-20.2078,57.7625,69.1,70,89,18.1
510,Palencia,ES,2022-08-11 15:00:22,42.4167,-4.5,93.79,16,0,12.82
511,Pita,GN,2022-08-11 15:00:22,10.8333,-12.5833,81.45,82,78,3.09
512,Chapais,CA,2022-08-11 15:00:23,49.7834,-74.8492,53.38,93,100,9.89
513,Kaoma,ZM,2022-08-11 15:00:24,-14.7833,24.8,85.42,13,18,7.58
514,Beeville,US,2022-08-11 15:00:24,28.4008,-97.7483,88.29,65,75,6.91
515,Syamzha,RU,2022-08-11 15:00:25,60.0158,41.0614,68.22,53,75,7.87
516,Artyom,AZ,2022-08-11 15:00:26,40.4723,50.333,86.14,58,0,7.27
517,Aranos,NA,2022-08-11 15:00:27,-24.1333,19.1167,86.4,5,0,8.32
518,Iquitos,PE,2022-08-11 15:00:27,-3.7481,-73.2472,81.46,64,64,4.56
519,Banjarmasin,ID,2022-08-11 15:00:28,-3.3244,114.591,80.74,88,80,2.33
520,San Rafael,AR,2022-08-11 15:00:29,-34.6177,-68.3301,56.82,33,3,4.23
521,Loukhi,RU,2022-08-11 15:00:29,66.0764,33.0381,66.34,62,2,13.44
522,Takikawa,JP,2022-08-11 15:00:30,43.5528,141.9064,67.05,98,100,3.6
523,Mildura,AU,2022-08-11 15:00:31,-34.2,142.15,51.08,60,52,14.81
524,Porto Novo,BJ,2022-08-11 15:00:31,6.4965,2.6036,81.57,64,100,12.17
525,Samarai,PG,2022-08-11 15:00:32,-10.6167,150.6667,78.78,82,95,17.96
526,Martinsburg,US,2022-08-11 14:55:57,39.4562,-77.9639,79.77,70,61,10.45
527,Amos,CA,2022-08-11 15:00:33,48.5669,-78.1162,59.18,59,63,9.17
528,Qasigiannguit,GL,2022-08-11 15:00:33,68.8193,-51.1922,41.25,98,100,3.94
529,Uruacu,BR,2022-08-11 15:00:34,-14.5247,-49.1408,87.17,24,94,3.29
530,Sembakung,ID,2022-08-11 15:00:34,3.8167,117.25,74.08,96,92,1.54
531,Rujewa,TZ,2022-08-11 15:00:35,-8.7,34.3833,75.49,35,2,12.57
532,Lasa,IT,2022-08-11 15:00:36,46.6166,10.7002,79.7,55,79,2.46
533,Bo Phloi,TH,2022-08-11 15:00:36,14.3236,99.5161,77.14,79,100,8.72
534,Luwuk,ID,2022-08-11 15:00:37,-0.9516,122.7875,77.56,90,42,1.3
535,Brownsville,US,2022-08-11 15:00:02,25.9018,-97.4975,87.98,75,50,1.99
536,Wanning,CN,2022-08-11 15:00:38,18.8003,110.3967,80.15,89,100,2.98
537,Nelson Bay,AU,2022-08-11 15:00:38,-32.7167,152.15,55.99,95,100,5.99
