City_ID,City,Country,Lat,Lng,Max Temp,Humidity,Cloudiness,Wind Speed,Date,Current Description
0,Saint-Philippe,RE,-21.3585,55.7679,71.19,77,39,13.11,2022-08-15 16:11:51,scattered clouds
1,Yellowknife,CA,62.456,-114.3525,67.19,67,0,7.49,2022-08-15 16:11:51,clear sky
2,Namtsy,RU,62.7161,129.6658,55.49,98,48,5.03,2022-08-15 16:11:52,scattered clouds
3,Busselton,AU,-33.65,115.3333,65.03,93,100,27.04,2022-08-15 16:11:52,overcast clouds
4,Severnyy,RU,50.677,36.5532,84.24,39,0,13.42,2022-08-15 16:11:52,clear sky
5,Atuona,PF,-9.8,-139.0333,77.52,65,15,20.85,2022-08-15 16:11:53,few clouds
6,Yuli,NG,9.6989,10.2744,73.44,92,100,4.76,2022-08-15 16:11:53,light rain
7,Avarua,CK,-21.2078,-159.775,69.85,68,75,11.5,2022-08-15 16:11:53,broken clouds
8,Porto Novo,BJ,6.4965,2.6036,74.48,89,100,10.22,2022-08-15 16:11:54,overcast clouds
9,Bontang,ID,0.1333,117.5,78.82,85,100,7.36,2022-08-15 16:11:54,overcast clouds
10,Mvangue,CM,2.9667,11.5167,78.24,60,80,5.19,2022-08-15 16:11:54,broken clouds
11,Tiksi,RU,71.6872,128.8694,45.64,90,37,6.24,2022-08-15 16:11:55,scattered clouds
12,Hermanus,ZA,-34.4187,19.2345,55.8,57,100,4.99,2022-08-15 16:11:55,overcast clouds
13,Skegness,GB,53.1436,0.3363,79.02,62,100,6.15,2022-08-15 16:11:56,overcast clouds
14,Talnakh,RU,69.4865,88.3972,61.21,56,100,4.12,2022-08-15 16:11:56,overcast clouds
15,Hobart,AU,-42.8794,147.3294,49.26,95,75,6.91,2022-08-15 16:10:17,broken clouds
16,Ambanja,MG,-13.6833,48.45,73.17,79,39,1.86,2022-08-15 16:11:56,light rain
17,Ushuaia,AR,-54.8,-68.3,38.82,81,40,5.75,2022-08-15 16:11:57,scattered clouds
18,Castro,BR,-24.7911,-50.0119,73.42,45,0,13.13,2022-08-15 16:11:57,clear sky
19,Baiao,BR,-2.7906,-49.6717,94.71,32,7,4.85,2022-08-15 16:11:57,clear sky
20,Rikitea,PF,-23.1203,-134.9692,73.4,75,1,20.94,2022-08-15 16:11:58,clear sky
21,Barrow,US,71.2906,-156.7887,33.82,93,100,18.41,2022-08-15 16:11:58,light rain
22,Oktyabrskiy,RU,54.4815,53.471,63.63,59,0,4.29,2022-08-15 16:11:58,clear sky
23,Provideniya,RU,64.3833,-173.3,43.59,91,100,8.7,2022-08-15 16:11:59,light rain
24,Pevek,RU,69.7008,170.3133,33.66,94,100,2.93,2022-08-15 16:11:59,overcast clouds
25,Saskylakh,RU,71.9167,114.0833,43.43,91,1,5.08,2022-08-15 16:11:13,clear sky
26,Luderitz,NA,-26.6481,15.1594,61.9,51,9,6.49,2022-08-15 16:12:00,clear sky
27,Charters Towers,AU,-20.1,146.2667,52.99,37,35,7.23,2022-08-15 16:12:00,scattered clouds
28,Palmer,US,42.1584,-72.3287,84.25,44,98,1.01,2022-08-15 16:09:33,overcast clouds
29,Mae Sai,TH,20.4335,99.8762,73.63,98,95,1.79,2022-08-15 16:10:21,overcast clouds
30,Iquique,CL,-20.2208,-70.1431,60.84,66,41,8.3,2022-08-15 16:12:01,scattered clouds
31,Cherskiy,RU,68.75,161.3,37.54,87,5,1.32,2022-08-15 16:12:01,clear sky
32,Puerto Madryn,AR,-42.7692,-65.0385,51.66,39,14,26.51,2022-08-15 16:12:01,few clouds
33,Paka,MY,4.6374,103.4368,80.78,82,98,2.95,2022-08-15 16:12:02,overcast clouds
34,Ancud,CL,-41.8697,-73.8203,44.53,94,100,26.08,2022-08-15 16:12:03,moderate rain
35,Mataura,NZ,-46.1927,168.8643,41.81,76,100,4.34,2022-08-15 16:12:03,overcast clouds
36,Vaini,TO,-21.2,-175.2,71.76,78,40,13.8,2022-08-15 16:12:04,scattered clouds
37,Sioux Lookout,CA,50.1001,-91.917,69.03,70,89,7.94,2022-08-15 16:12:05,overcast clouds
38,Fortuna,US,40.5982,-124.1573,60.35,94,100,3.44,2022-08-15 16:12:05,overcast clouds
39,Kununurra,AU,-15.7667,128.7333,58.98,47,14,4.61,2022-08-15 16:12:05,few clouds
40,Vao,NC,-22.6667,167.4833,72.82,83,100,19.01,2022-08-15 16:12:06,light rain
41,Kulevcha,UA,46.0303,29.9361,82.76,52,100,4.81,2022-08-15 16:12:07,overcast clouds
42,Haines Junction,CA,60.7522,-137.5108,51.15,81,100,4.97,2022-08-15 16:12:07,overcast clouds
43,Mursalimkino,RU,55.0379,58.5585,55.69,79,4,3.62,2022-08-15 16:12:08,clear sky
44,La Ronge,CA,55.1001,-105.2842,65.61,82,86,3.11,2022-08-15 16:12:08,overcast clouds
45,Dingle,PH,10.9995,122.6711,75.63,86,99,5.79,2022-08-15 16:12:09,overcast clouds
46,Grand Gaube,MU,-20.0064,57.6608,70.38,70,97,7.0,2022-08-15 16:12:09,overcast clouds
47,Upernavik,GL,72.7868,-56.1549,43.7,87,88,3.85,2022-08-15 16:13:10,overcast clouds
48,Cidreira,BR,-30.1811,-50.2056,63.73,90,100,3.38,2022-08-15 16:13:10,light rain
49,Ihosy,MG,-22.4,46.1167,73.65,37,37,3.15,2022-08-15 16:13:11,scattered clouds
50,Chenzhou,CN,25.8,113.0333,82.92,74,92,4.94,2022-08-15 16:13:11,overcast clouds
51,Bluff,NZ,-46.6,168.3333,44.83,71,100,7.18,2022-08-15 16:13:11,overcast clouds
52,Punta Arenas,CL,-53.15,-70.9167,39.31,75,100,17.27,2022-08-15 16:09:17,light rain
53,Nikolskoye,RU,59.7035,30.7861,82.29,53,14,3.51,2022-08-15 16:13:13,few clouds
54,Nurota,UZ,40.5614,65.6886,88.02,16,0,9.06,2022-08-15 16:13:13,clear sky
55,Qaanaaq,GL,77.484,-69.3632,40.23,90,100,6.87,2022-08-15 16:13:13,overcast clouds
56,Saint-Joseph,RE,-21.3667,55.6167,70.18,75,19,10.13,2022-08-15 16:13:14,few clouds
57,Sao Mateus,BR,-18.7161,-39.8589,77.32,48,63,9.17,2022-08-15 16:13:14,broken clouds
58,Sanmenxia,CN,34.7747,111.1814,82.83,38,21,1.99,2022-08-15 16:13:15,few clouds
59,Rajaldesar,IN,28.0333,74.4667,86.07,64,100,11.79,2022-08-15 16:13:16,light rain
60,Norman Wells,CA,65.282,-126.8329,66.33,75,100,2.91,2022-08-15 16:13:16,overcast clouds
61,Launceston,AU,-41.45,147.1667,45.16,93,56,1.01,2022-08-15 16:13:17,broken clouds
62,Aklavik,CA,68.2191,-135.0107,50.0,93,100,3.44,2022-08-15 16:13:17,light intensity drizzle
63,Zyryanka,RU,65.75,150.85,43.66,82,7,3.47,2022-08-15 16:13:17,clear sky
64,Iqaluit,CA,63.7506,-68.5145,45.7,70,97,17.0,2022-08-15 16:13:18,overcast clouds
65,Emerald,AU,-23.5333,148.1667,53.35,60,0,9.1,2022-08-15 16:13:19,clear sky
66,Hasaki,JP,35.7333,140.8333,81.28,91,100,18.68,2022-08-15 16:13:19,overcast clouds
67,Thompson,CA,55.7435,-97.8558,71.94,44,0,7.23,2022-08-15 16:13:19,clear sky
68,Tamandare,BR,-8.7597,-35.1047,79.32,62,49,13.4,2022-08-15 16:13:20,scattered clouds
69,Tasiilaq,GL,65.6145,-37.6368,51.96,70,40,1.92,2022-08-15 16:13:20,scattered clouds
70,Neuquen,AR,-38.9516,-68.0591,51.69,30,0,8.05,2022-08-15 16:13:21,clear sky
71,Khatanga,RU,71.9667,102.5,55.31,59,12,6.46,2022-08-15 16:13:21,few clouds
72,Ponta Do Sol,PT,32.6667,-17.1,82.71,81,31,8.3,2022-08-15 16:13:22,scattered clouds
73,Georgetown,MY,5.4112,100.3354,86.9,72,20,0.0,2022-08-15 16:11:31,moderate rain
74,Monte Alegre,BR,-2.0078,-54.0692,92.26,40,1,6.08,2022-08-15 16:13:22,clear sky
75,Salalah,OM,17.0151,54.0924,77.09,94,100,5.75,2022-08-15 16:13:23,overcast clouds
76,Jamestown,US,42.097,-79.2353,75.02,52,100,9.22,2022-08-15 16:06:48,overcast clouds
77,Nanortalik,GL,60.1432,-45.2371,47.66,87,100,3.94,2022-08-15 16:13:24,overcast clouds
78,Sao Filipe,CV,14.8961,-24.4956,78.66,71,94,8.01,2022-08-15 16:13:24,overcast clouds
79,Albany,US,42.6001,-73.9662,82.17,51,19,1.01,2022-08-15 16:11:55,few clouds
80,Tuktoyaktuk,CA,69.4541,-133.0374,48.2,87,100,6.91,2022-08-15 16:13:25,overcast clouds
81,Bilibino,RU,68.0546,166.4372,36.32,88,10,4.74,2022-08-15 16:13:25,clear sky
82,Havre-Saint-Pierre,CA,50.2334,-63.5986,65.93,74,7,12.68,2022-08-15 16:13:26,clear sky
83,Chokurdakh,RU,70.6333,147.9167,42.28,62,10,8.88,2022-08-15 16:13:26,clear sky
84,Tambopata,PE,-12.7333,-69.1833,89.49,55,0,8.05,2022-08-15 16:13:27,clear sky
85,Vila Velha,BR,-20.3297,-40.2925,78.75,69,40,16.11,2022-08-15 16:10:51,scattered clouds
86,Upington,ZA,-28.4478,21.2561,61.09,16,2,8.19,2022-08-15 16:13:28,clear sky
87,Lebu,CL,-37.6167,-73.65,49.98,75,96,20.62,2022-08-15 16:13:28,light rain
88,Finschhafen,PG,-6.6024,147.8681,78.1,85,87,6.02,2022-08-15 16:13:28,overcast clouds
89,Chuy,UY,-33.6971,-53.4616,66.24,86,100,7.47,2022-08-15 16:13:29,overcast clouds
90,New Norfolk,AU,-42.7826,147.0587,48.92,86,53,3.36,2022-08-15 16:14:29,broken clouds
91,Vaxjo,SE,56.8777,14.8091,83.57,54,75,6.91,2022-08-15 16:14:30,broken clouds
92,Kodiak,US,57.79,-152.4072,54.91,88,100,5.75,2022-08-15 16:14:30,overcast clouds
93,Severo-Kurilsk,RU,50.6789,156.125,55.17,93,97,17.52,2022-08-15 16:14:30,overcast clouds
94,Ilulissat,GL,69.2167,-51.1,55.42,54,75,16.11,2022-08-15 16:14:31,broken clouds
95,Dikson,RU,73.5069,80.5464,41.83,98,100,15.32,2022-08-15 16:14:31,overcast clouds
96,Saint-Francois,FR,46.4154,3.9054,80.04,41,0,10.36,2022-08-15 16:14:32,clear sky
97,Kurilsk,RU,45.2333,147.8833,60.62,95,100,8.28,2022-08-15 16:14:32,moderate rain
98,Bathurst,AU,-33.4166,149.5806,43.83,96,100,6.29,2022-08-15 16:11:27,overcast clouds
99,Stykkisholmur,IS,65.0757,-22.7297,48.31,60,48,4.72,2022-08-15 16:14:33,scattered clouds
100,Waspan,NI,14.7419,-83.9717,82.24,80,90,5.17,2022-08-15 16:14:33,overcast clouds
101,Lavrentiya,RU,65.5833,-171.0,36.81,82,100,4.5,2022-08-15 16:14:33,overcast clouds
102,Port Elizabeth,ZA,-33.918,25.5701,56.1,85,0,4.61,2022-08-15 16:14:34,clear sky
103,Moussoro,TD,13.6408,16.4901,80.85,70,100,6.71,2022-08-15 16:14:34,light rain
104,Ribeira Grande,PT,38.5167,-28.7,81.0,61,20,10.36,2022-08-15 16:14:35,few clouds
105,Road Town,VG,18.4167,-64.6167,87.89,73,13,9.15,2022-08-15 16:11:15,few clouds
106,Toppenish,US,46.3774,-120.3087,78.71,30,4,1.74,2022-08-15 16:14:35,clear sky
107,Marsa Matruh,EG,31.3525,27.2453,81.73,70,0,14.16,2022-08-15 16:10:55,clear sky
108,Vestmannaeyjar,IS,63.4427,-20.2734,52.79,62,0,17.27,2022-08-15 16:14:36,clear sky
109,Westport,US,41.1415,-73.3579,83.44,57,0,9.22,2022-08-15 16:09:37,clear sky
110,Olonets,RU,60.9847,32.9698,76.42,59,10,3.58,2022-08-15 16:14:36,clear sky
111,Jining,CN,35.405,116.5814,79.43,87,47,4.92,2022-08-15 16:14:36,scattered clouds
112,Touros,BR,-5.1989,-35.4608,82.53,55,6,19.93,2022-08-15 16:14:37,clear sky
113,Kiruna,SE,67.8557,20.2251,61.72,72,20,11.5,2022-08-15 16:14:37,few clouds
114,Bredasdorp,ZA,-34.5322,20.0403,50.77,67,99,5.99,2022-08-15 16:14:37,overcast clouds
115,Avera,US,33.194,-82.5271,84.54,44,100,9.66,2022-08-15 16:14:38,overcast clouds
116,Kruisfontein,ZA,-34.0033,24.7314,53.89,70,91,8.59,2022-08-15 16:14:38,overcast clouds
117,La Tuque,CA,47.4334,-72.7824,75.45,41,37,2.3,2022-08-15 16:14:39,scattered clouds
118,Pemba,MZ,-12.974,40.5178,77.7,78,20,14.97,2022-08-15 16:14:39,few clouds
119,Bandarbeyla,SO,9.4942,50.8122,77.13,81,92,30.85,2022-08-15 16:14:39,overcast clouds
120,Karasjok,NO,69.4719,25.5112,63.25,70,100,4.12,2022-08-15 16:14:40,overcast clouds
121,Aleksandrovka,UA,46.8383,32.7612,79.34,55,100,7.78,2022-08-15 16:14:40,light rain
122,Esperance,AU,-33.8667,121.9,65.34,52,100,21.88,2022-08-15 16:14:41,light rain
123,Dwarka,IN,22.2394,68.9678,80.96,85,100,14.47,2022-08-15 16:11:56,overcast clouds
124,Padang,ID,-0.9492,100.3543,77.92,86,56,3.56,2022-08-15 16:14:41,broken clouds
125,Singkawang,ID,0.9,109.0,78.76,82,81,3.8,2022-08-15 16:14:41,broken clouds
126,Vila,PT,42.0304,-8.1588,69.69,57,73,10.69,2022-08-15 16:14:42,broken clouds
127,Husavik,IS,66.0449,-17.3389,44.91,79,90,14.76,2022-08-15 16:14:42,overcast clouds
128,Kavieng,PG,-2.5744,150.7967,80.06,78,100,7.18,2022-08-15 16:14:42,overcast clouds
129,Kalmunai,LK,7.4167,81.8167,81.91,74,83,11.21,2022-08-15 16:14:43,broken clouds
130,Bambous Virieux,MU,-20.3428,57.7575,70.21,88,40,11.5,2022-08-15 16:14:43,light rain
131,Kapaa,US,22.0752,-159.319,74.12,90,40,10.36,2022-08-15 16:14:44,scattered clouds
132,Kamaishi,JP,39.2667,141.8833,73.31,94,100,7.7,2022-08-15 16:14:44,overcast clouds
133,Tura,IN,25.5198,90.2201,75.52,91,16,4.76,2022-08-15 16:14:44,few clouds
134,Kaitangata,NZ,-46.2817,169.8464,41.88,86,100,5.88,2022-08-15 16:14:45,overcast clouds
135,Pisco,PE,-13.7,-76.2167,68.05,64,1,9.22,2022-08-15 16:14:45,haze
136,Port Lincoln,AU,-34.7333,135.8667,53.98,75,82,9.62,2022-08-15 16:15:46,broken clouds
137,Roebourne,AU,-20.7833,117.1333,73.47,75,0,4.65,2022-08-15 16:15:46,light rain
138,Meulaboh,ID,4.1363,96.1285,78.46,82,94,3.22,2022-08-15 16:15:47,overcast clouds
139,Kahului,US,20.8947,-156.47,76.84,73,0,5.75,2022-08-15 16:15:48,clear sky
140,Christiana,ZA,-27.914,25.1611,50.22,19,2,5.79,2022-08-15 16:15:48,clear sky
141,Gorgan,IR,36.8387,54.4348,84.16,70,0,9.22,2022-08-15 16:15:49,clear sky
142,Hangu,CN,39.2489,117.7892,77.04,86,2,9.4,2022-08-15 16:15:49,clear sky
143,Katherine,AU,-14.4667,132.2667,55.72,30,35,5.75,2022-08-15 16:15:49,scattered clouds
144,Kieta,PG,-6.2167,155.6333,77.76,83,72,2.24,2022-08-15 16:15:50,broken clouds
145,Hami,CN,42.8,93.45,85.57,17,1,4.45,2022-08-15 16:15:50,clear sky
146,Nemuro,JP,43.3236,145.575,65.7,96,100,8.12,2022-08-15 16:15:51,light rain
147,Itaituba,BR,-4.2761,-55.9836,93.36,52,20,11.5,2022-08-15 16:15:51,few clouds
148,Sao Tome,ST,0.3365,6.7273,75.13,74,61,11.27,2022-08-15 16:15:51,broken clouds
149,Dawlatabad,AF,36.4141,64.9053,88.36,11,0,7.02,2022-08-15 16:15:52,clear sky
150,Victoria,HK,22.2855,114.1577,86.38,81,94,8.99,2022-08-15 16:12:36,overcast clouds
151,Santa Cruz,BO,-17.8,-63.1667,87.85,45,20,32.21,2022-08-15 16:15:52,few clouds
152,Saint George,US,37.1041,-113.5841,80.94,68,0,3.44,2022-08-15 16:15:53,clear sky
153,Uarini,BR,-2.99,-65.1083,92.91,43,2,4.0,2022-08-15 16:15:53,clear sky
154,Airai,TL,-8.9266,125.4092,55.42,86,68,2.48,2022-08-15 16:15:53,broken clouds
155,Mogadishu,SO,2.0371,45.3438,76.3,85,100,14.52,2022-08-15 16:15:54,overcast clouds
156,Biltine,TD,14.5333,20.9167,76.66,83,81,11.3,2022-08-15 16:15:54,heavy intensity rain
157,Utica,US,43.1009,-75.2327,80.69,56,62,1.01,2022-08-15 16:15:54,broken clouds
158,Sovetskiy,RU,61.3614,63.5842,55.92,61,98,4.63,2022-08-15 16:15:55,overcast clouds
159,Bathsheba,BB,13.2167,-59.5167,88.41,70,40,14.97,2022-08-15 16:15:55,scattered clouds
160,Savelugu,GH,9.6244,-0.8253,78.31,81,100,7.52,2022-08-15 16:15:55,overcast clouds
161,Daru,PG,-9.0763,143.2092,76.59,85,91,10.27,2022-08-15 16:15:56,overcast clouds
162,Clyde River,CA,70.4692,-68.5914,43.03,87,100,6.91,2022-08-15 16:15:56,overcast clouds
163,Port Hardy,CA,50.6996,-127.4199,57.38,100,100,2.3,2022-08-15 16:15:07,fog
164,Hilo,US,19.7297,-155.09,77.29,74,0,8.05,2022-08-15 16:11:20,clear sky
165,Tallahassee,US,30.4383,-84.2807,89.85,57,40,0.0,2022-08-15 16:11:10,scattered clouds
166,Dhidhdhoo,MV,6.8833,73.1,81.39,79,76,7.81,2022-08-15 16:15:57,broken clouds
167,Clarence Town,AU,-32.5833,151.7833,53.85,71,84,6.64,2022-08-15 16:15:57,broken clouds
168,Pangnirtung,CA,66.1451,-65.7125,48.2,87,75,2.3,2022-08-15 16:15:58,light rain
169,Samarai,PG,-10.6167,150.6667,79.03,83,23,5.17,2022-08-15 16:15:58,few clouds
170,Hobyo,SO,5.3505,48.5268,77.36,82,100,24.18,2022-08-15 16:15:58,overcast clouds
171,Bagdarin,RU,54.4333,113.6,51.15,80,7,2.04,2022-08-15 16:15:59,clear sky
172,Vostok,RU,46.4856,135.8833,55.35,95,67,2.95,2022-08-15 16:15:59,broken clouds
173,East London,ZA,-33.0153,27.9116,58.55,55,84,3.96,2022-08-15 16:15:59,broken clouds
174,Aran,AZ,40.6253,46.9756,90.95,38,0,5.75,2022-08-15 16:16:00,clear sky
175,Puerto Ayora,EC,-0.7393,-90.3518,75.16,98,97,7.0,2022-08-15 16:16:00,overcast clouds
176,Bengkulu,ID,-3.8004,102.2655,76.73,88,74,3.69,2022-08-15 16:16:01,broken clouds
177,Tuatapere,NZ,-46.1333,167.6833,45.72,82,100,5.61,2022-08-15 16:16:01,overcast clouds
178,Half Moon Bay,US,37.4636,-122.4286,69.44,82,20,4.61,2022-08-15 16:13:48,few clouds
179,Maragogi,BR,-9.0122,-35.2225,78.98,66,53,14.09,2022-08-15 16:12:40,broken clouds
180,Sena Madureira,BR,-9.0656,-68.6569,94.75,37,92,4.36,2022-08-15 16:17:02,overcast clouds
181,Gladstone,AU,-23.85,151.25,53.53,87,0,8.05,2022-08-15 16:17:02,clear sky
182,Hithadhoo,MV,-0.6,73.0833,83.43,71,12,8.55,2022-08-15 16:17:03,few clouds
183,Saint-Pierre,RE,-21.3393,55.4781,70.92,70,75,4.61,2022-08-15 16:17:04,broken clouds
184,Kargopol,RU,61.5071,38.9456,70.7,58,57,1.7,2022-08-15 16:17:04,broken clouds
185,Faanui,PF,-16.4833,-151.75,78.49,77,21,15.97,2022-08-15 16:17:05,few clouds
186,Nuuk,GL,64.1835,-51.7216,50.61,81,100,29.93,2022-08-15 16:17:05,light intensity shower rain
187,Mount Gambier,AU,-37.8333,140.7667,49.91,93,100,16.11,2022-08-15 16:17:06,overcast clouds
188,Carnarvon,AU,-24.8667,113.6333,75.27,88,100,18.41,2022-08-15 16:17:06,overcast clouds
189,Bethel,US,41.3712,-73.414,83.55,51,0,1.01,2022-08-15 16:13:09,clear sky
190,Vardo,NO,70.3705,31.1107,53.58,87,0,3.44,2022-08-15 16:17:07,clear sky
191,Shenzhen,CN,22.5455,114.0683,87.22,88,96,6.42,2022-08-15 16:08:37,overcast clouds
192,Narsaq,GL,60.9167,-46.05,55.62,73,99,3.69,2022-08-15 16:17:08,overcast clouds
193,Biaora,IN,23.8667,76.9167,76.51,90,100,4.27,2022-08-15 16:17:08,moderate rain
194,Hare Bay,CA,48.8499,-54.0148,79.95,43,50,13.35,2022-08-15 16:17:09,scattered clouds
195,Kingsport,US,36.5484,-82.5618,80.76,88,100,5.75,2022-08-15 16:14:45,overcast clouds
196,Mar Del Plata,AR,-38.0023,-57.5575,56.08,64,20,14.97,2022-08-15 16:17:10,few clouds
197,Alofi,NU,-19.0595,-169.9187,71.49,64,75,18.41,2022-08-15 16:15:19,broken clouds
198,Torbay,CA,47.6666,-52.7314,76.87,85,75,10.36,2022-08-15 16:17:10,broken clouds
199,Merrill,US,45.1805,-89.6835,72.1,73,75,3.44,2022-08-15 16:17:11,broken clouds
200,Cairns,AU,-16.9167,145.7667,65.07,96,23,1.14,2022-08-15 16:17:11,few clouds
201,Lagoa,PT,39.05,-27.9833,73.71,78,51,14.14,2022-08-15 16:17:12,broken clouds
202,Arraial Do Cabo,BR,-22.9661,-42.0278,80.56,53,0,25.32,2022-08-15 16:15:50,clear sky
203,Rajura,IN,19.7833,79.3667,74.89,91,100,7.72,2022-08-15 16:17:12,overcast clouds
204,Caravelas,BR,-17.7125,-39.2481,78.42,53,48,9.48,2022-08-15 16:17:13,scattered clouds
205,Davila,PH,18.4726,120.5763,76.98,89,100,12.57,2022-08-15 16:17:13,overcast clouds
206,Camana,PE,-16.6228,-72.7111,62.28,75,74,11.3,2022-08-15 16:17:13,broken clouds
207,Saldanha,ZA,-33.0117,17.9442,56.52,64,78,11.92,2022-08-15 16:17:14,broken clouds
208,Filadelfia,US,39.9523,-75.1638,83.82,57,75,11.5,2022-08-15 16:13:48,broken clouds
209,Elizabeth City,US,36.2946,-76.2511,80.6,67,40,9.22,2022-08-15 16:17:14,scattered clouds
210,Butaritari,KI,3.0707,172.7902,81.66,72,64,14.18,2022-08-15 16:17:15,broken clouds
211,Jaguaruna,BR,-28.615,-49.0256,77.58,57,77,10.38,2022-08-15 16:17:15,broken clouds
212,Shelburne,CA,44.0787,-80.2041,78.91,39,89,9.93,2022-08-15 16:15:05,overcast clouds
213,Worland,US,44.0169,-107.9554,75.67,58,0,5.75,2022-08-15 16:12:56,clear sky
214,Mahebourg,MU,-20.4081,57.7,70.25,88,40,11.5,2022-08-15 16:17:16,scattered clouds
215,Cape Town,ZA,-33.9258,18.4232,59.11,59,0,4.61,2022-08-15 16:15:04,clear sky
216,Akyab,MM,20.15,92.9,81.88,85,83,7.36,2022-08-15 16:17:17,broken clouds
217,Cururupu,BR,-1.8283,-44.8683,88.7,49,74,6.24,2022-08-15 16:17:18,broken clouds
218,Gambela,ET,8.25,34.5833,71.8,96,99,1.79,2022-08-15 16:17:18,light rain
219,San Quintin,MX,30.4833,-115.95,73.71,79,6,6.06,2022-08-15 16:17:12,clear sky
220,Shitanjing,CN,39.2342,106.3439,73.44,38,1,5.88,2022-08-15 16:17:19,clear sky
221,Kennett,US,36.2362,-90.0556,83.25,87,40,6.91,2022-08-15 16:17:19,scattered clouds
222,Korla,CN,41.7597,86.1469,88.63,25,87,6.24,2022-08-15 16:17:19,overcast clouds
223,Longyearbyen,SJ,78.2186,15.6401,44.44,81,75,11.5,2022-08-15 16:17:20,broken clouds
224,Beira,MZ,-19.8436,34.8389,75.29,78,20,19.57,2022-08-15 16:17:20,few clouds
225,Beringovskiy,RU,63.05,179.3167,52.07,93,100,7.07,2022-08-15 16:18:21,light rain
226,Klaksvik,FO,62.2266,-6.589,52.72,90,100,18.21,2022-08-15 16:18:21,overcast clouds
227,Kloulklubed,PW,7.0419,134.2556,75.7,69,88,3.96,2022-08-15 16:18:22,overcast clouds
228,Pacific Grove,US,36.6177,-121.9166,59.02,93,100,8.01,2022-08-15 16:13:27,mist
229,Stokmarknes,NO,68.5646,14.9108,67.98,68,0,4.61,2022-08-15 16:18:23,clear sky
230,Beyneu,KZ,45.3167,55.2,96.53,15,3,9.66,2022-08-15 16:18:23,clear sky
231,Port Alfred,ZA,-33.5906,26.891,52.18,83,93,3.67,2022-08-15 16:18:24,overcast clouds
232,Conceicao Do Araguaia,BR,-8.2578,-49.2647,98.02,19,6,6.8,2022-08-15 16:18:24,clear sky
233,Flinders,AU,-34.5833,150.8552,50.25,76,62,1.99,2022-08-15 16:18:25,broken clouds
234,Yulara,AU,-25.2406,130.9889,54.97,40,0,9.08,2022-08-15 16:18:25,clear sky
235,Mackay,AU,-21.15,149.2,58.39,53,18,6.58,2022-08-15 16:18:26,few clouds
236,Honiara,SB,-9.4333,159.95,76.3,87,99,3.51,2022-08-15 16:18:26,overcast clouds
237,Waipawa,NZ,-41.4122,175.5153,42.67,83,97,5.68,2022-08-15 16:18:27,moderate rain
238,Isla Vista,US,34.4133,-119.861,90.34,77,0,5.75,2022-08-15 16:18:27,clear sky
239,Fengcheng,CN,40.4536,124.0717,64.35,93,0,5.3,2022-08-15 16:18:28,clear sky
240,Letpadan,MM,17.7833,95.75,77.47,93,85,4.76,2022-08-15 16:18:28,overcast clouds
241,Mayya,RU,61.7333,130.2811,54.72,97,82,3.87,2022-08-15 16:18:29,broken clouds
242,Pietrari,RO,45.1,24.1333,76.06,60,100,3.74,2022-08-15 16:18:29,light rain
243,Galle,LK,6.0367,80.217,79.16,86,79,7.02,2022-08-15 16:18:29,broken clouds
244,Santa Maria,BR,-29.6842,-53.8069,68.85,82,100,8.68,2022-08-15 16:18:30,overcast clouds
245,Luwuk,ID,-0.9516,122.7875,76.21,86,100,6.62,2022-08-15 16:18:30,overcast clouds
246,Wahpeton,US,46.2652,-96.6059,75.92,78,0,14.97,2022-08-15 16:18:31,clear sky
247,Lamar,US,33.6668,-95.5836,96.64,49,0,8.05,2022-08-15 16:18:31,clear sky
248,Atambua,ID,-9.1061,124.8925,69.1,85,57,5.21,2022-08-15 16:18:31,broken clouds
249,Northam,GB,51.0333,-4.2167,66.25,72,76,8.61,2022-08-15 16:18:32,broken clouds
250,Lubu,CN,23.1742,112.2809,80.82,88,68,1.68,2022-08-15 16:18:32,broken clouds
251,Solnechnyy,RU,50.7214,136.6319,57.85,88,0,2.98,2022-08-15 16:18:33,clear sky
252,Sinnamary,GF,5.3833,-52.95,84.15,65,14,7.56,2022-08-15 16:18:33,few clouds
253,Sayyan,YE,15.1718,44.3244,67.77,56,100,0.49,2022-08-15 16:18:33,overcast clouds
254,Rabo De Peixe,PT,37.8,-25.5833,78.31,65,20,12.66,2022-08-15 16:18:34,few clouds
255,Bubaque,GW,11.2833,-15.8333,80.94,81,89,16.51,2022-08-15 16:18:34,overcast clouds
256,Tomatlan,MX,19.9333,-105.25,83.77,70,98,1.66,2022-08-15 16:18:34,overcast clouds
257,Naryan-Mar,RU,67.6713,53.087,50.9,68,66,15.86,2022-08-15 16:18:35,broken clouds
258,Havelock,US,34.8791,-76.9013,82.94,69,89,3.18,2022-08-15 16:18:35,overcast clouds
259,Makkaveyevo,RU,51.7533,113.9454,58.06,76,31,1.5,2022-08-15 16:18:35,scattered clouds
260,Tougan,BF,13.0667,-3.0667,89.83,51,100,7.72,2022-08-15 16:18:36,overcast clouds
261,Banswara,IN,23.55,74.45,77.45,91,99,13.06,2022-08-15 16:18:36,heavy intensity rain
262,Karratha,AU,-20.7377,116.8463,74.16,73,0,5.17,2022-08-15 16:18:37,light rain
263,Itarema,BR,-2.9248,-39.9167,89.58,39,4,16.15,2022-08-15 16:15:19,clear sky
264,Paamiut,GL,61.994,-49.6678,44.96,95,99,21.79,2022-08-15 16:18:37,overcast clouds
265,Kerchevskiy,RU,59.946,56.2884,58.87,70,88,5.35,2022-08-15 16:18:38,overcast clouds
266,Lasa,IT,46.6166,10.7002,74.28,70,49,3.13,2022-08-15 16:18:38,scattered clouds
267,Houma,US,29.5958,-90.7195,90.0,76,3,2.84,2022-08-15 16:15:00,clear sky
268,Saint-Augustin,CA,51.226,-58.6502,62.17,84,100,14.56,2022-08-15 16:18:38,overcast clouds
269,Cabo San Lucas,MX,22.8909,-109.9124,90.61,51,75,8.05,2022-08-15 16:16:25,broken clouds
270,Nicoya,CR,10.1483,-85.452,83.25,72,15,2.86,2022-08-15 16:18:39,few clouds
271,Pucallpa,PE,-8.3791,-74.5539,93.15,40,12,2.77,2022-08-15 16:18:40,few clouds
272,Boden,SE,65.8252,21.6886,62.6,71,100,5.82,2022-08-15 16:19:40,overcast clouds
273,Mubarakpur,IN,26.09,83.2922,84.29,69,25,15.88,2022-08-15 16:19:40,scattered clouds
274,Bani,DO,18.2833,-70.3333,89.85,55,0,12.12,2022-08-15 16:19:41,clear sky
275,Quesnel,CA,52.9999,-122.5029,59.5,94,100,2.3,2022-08-15 16:19:41,mist
276,Chilca,PE,-12.5211,-76.7372,63.37,74,59,7.23,2022-08-15 16:19:41,broken clouds
277,Taveta,KE,-3.3963,37.6736,74.73,59,81,11.72,2022-08-15 16:19:42,broken clouds
278,Mayumba,GA,-3.432,10.6554,72.84,75,100,7.87,2022-08-15 16:19:42,overcast clouds
279,Chapais,CA,49.7834,-74.8492,71.38,57,58,6.49,2022-08-15 16:19:43,broken clouds
280,Marovoay,MG,-16.1,46.6333,72.75,64,6,6.46,2022-08-15 16:19:43,clear sky
281,Balkanabat,TM,39.5108,54.3671,97.25,13,0,7.9,2022-08-15 16:19:43,clear sky
282,Santa Isabel Do Rio Negro,BR,-0.4139,-65.0192,92.66,45,9,2.84,2022-08-15 16:19:44,clear sky
283,Lander,US,42.833,-108.7307,75.79,53,0,3.44,2022-08-15 16:19:44,clear sky
284,Xiaoshi,CN,41.2971,124.1209,65.25,99,95,3.47,2022-08-15 16:19:44,overcast clouds
285,Biograd Na Moru,HR,43.9433,15.4519,83.1,54,24,13.11,2022-08-15 16:19:45,few clouds
286,Vagur,FO,61.4732,-6.8119,51.42,84,94,11.27,2022-08-15 16:19:29,overcast clouds
287,Les Cayes,HT,18.2,-73.75,88.07,59,6,9.69,2022-08-15 16:19:45,clear sky
288,Krasnoselkup,RU,65.7,82.4667,54.09,83,100,19.64,2022-08-15 16:19:45,overcast clouds
289,Catamarca,AR,-28.4696,-65.7852,75.78,17,0,11.01,2022-08-15 16:19:46,clear sky
290,Lysva,RU,58.1086,57.8053,58.32,64,69,1.92,2022-08-15 16:19:46,broken clouds
291,Pyaozerskiy,RU,65.8333,31.1667,65.17,85,100,3.71,2022-08-15 16:19:46,overcast clouds
292,Ulaangom,MN,49.9811,92.0667,64.56,44,6,10.45,2022-08-15 16:19:47,clear sky
293,Kampot,KH,10.6167,104.1833,82.45,84,99,6.51,2022-08-15 16:19:47,overcast clouds
294,Mopti,ML,14.6667,-4.0,99.09,30,49,4.27,2022-08-15 16:19:48,scattered clouds
295,Calamar,CO,10.2511,-74.9146,85.73,69,51,6.13,2022-08-15 16:19:48,broken clouds
296,Sitka,US,57.0531,-135.33,57.09,82,75,3.44,2022-08-15 16:19:48,broken clouds
297,Guerrero Negro,MX,27.9769,-114.0611,76.71,64,10,10.0,2022-08-15 16:19:49,clear sky
298,Tazovskiy,RU,67.4667,78.7,44.28,94,100,13.49,2022-08-15 16:16:31,light rain
299,Pogar,RU,52.554,33.2591,76.28,59,100,8.28,2022-08-15 16:19:49,overcast clouds
300,Dukat,RU,62.55,155.55,46.98,90,100,8.01,2022-08-15 16:19:50,overcast clouds
301,Petropavlovsk-Kamchatskiy,RU,53.0452,158.6483,54.19,100,75,11.18,2022-08-15 16:19:50,broken clouds
302,Agaro,ET,7.85,36.65,62.73,95,78,1.77,2022-08-15 16:19:50,moderate rain
303,Hambantota,LK,6.1241,81.1185,79.54,85,80,12.77,2022-08-15 16:19:51,broken clouds
304,Kongolo,CD,-5.3833,27.0,87.12,41,93,5.79,2022-08-15 16:19:51,overcast clouds
305,Baykit,RU,61.67,96.37,51.17,97,100,3.24,2022-08-15 16:19:51,light rain
306,Mozhaysk,RU,55.5019,36.0272,74.03,56,55,5.46,2022-08-15 16:19:52,broken clouds
307,Ahuimanu,US,21.4447,-157.8378,76.86,80,75,3.44,2022-08-15 16:19:52,broken clouds
308,Acarau,BR,-2.8856,-40.12,88.92,42,4,14.97,2022-08-15 16:19:52,clear sky
309,Lagunas,PE,-5.2269,-75.6753,88.83,51,59,3.51,2022-08-15 16:19:53,broken clouds
310,Xichang,CN,27.8964,102.2634,68.67,89,100,2.26,2022-08-15 16:19:53,overcast clouds
311,Newport,GB,51.5877,-2.9984,80.11,64,94,8.21,2022-08-15 16:15:33,overcast clouds
312,Bon Accord,CA,53.8335,-113.4187,71.55,70,26,6.38,2022-08-15 16:19:54,scattered clouds
313,Gravelbourg,CA,49.8834,-106.5512,73.67,47,0,8.46,2022-08-15 16:19:57,clear sky
314,Laem Sing,TH,12.4816,102.0738,83.14,100,100,15.82,2022-08-15 16:19:58,overcast clouds
315,Lorengau,PG,-2.0226,147.2712,79.25,71,100,3.09,2022-08-15 16:19:58,overcast clouds
316,Tautira,PF,-17.7333,-149.15,77.83,77,84,16.33,2022-08-15 16:19:58,broken clouds
317,Johnston,US,35.5335,-78.3997,75.99,90,40,1.01,2022-08-15 16:20:59,scattered clouds
318,Sabang,ID,5.8933,95.3214,83.44,76,14,19.33,2022-08-15 16:16:44,few clouds
319,Deer Lake,CA,49.1667,-57.4316,69.66,83,75,10.36,2022-08-15 16:20:59,broken clouds
320,Mangan,IN,27.5167,88.5333,73.98,92,94,2.04,2022-08-15 16:21:00,overcast clouds
321,Geraldton,AU,-28.7667,114.6,68.41,94,75,18.41,2022-08-15 16:21:00,moderate rain
322,Nakapiripirit,UG,1.9167,34.7833,68.11,80,52,0.76,2022-08-15 16:21:00,moderate rain
323,Olafsvik,IS,64.8945,-23.7142,48.29,65,77,7.29,2022-08-15 16:21:01,broken clouds
324,Sawtell,AU,-30.3833,153.1,50.18,93,42,3.44,2022-08-15 16:21:01,scattered clouds
325,Puerto Carreno,CO,6.189,-67.4859,84.18,70,40,3.44,2022-08-15 16:21:01,scattered clouds
326,Derzhavinsk,KZ,51.1,66.3167,64.45,37,0,8.12,2022-08-15 16:21:02,clear sky
327,Honningsvag,NO,70.9821,25.9704,51.55,87,75,11.5,2022-08-15 16:21:02,broken clouds
328,Turbat,PK,26.0023,63.044,84.72,75,100,2.95,2022-08-15 16:21:03,overcast clouds
329,Ranibennur,IN,14.6167,75.6167,71.06,87,100,9.19,2022-08-15 16:21:03,overcast clouds
330,Baneh,IR,35.9975,45.8853,80.96,13,0,4.9,2022-08-15 16:21:04,clear sky
331,Henties Bay,NA,-22.116,14.2845,58.66,73,2,10.6,2022-08-15 16:21:04,clear sky
332,Numbrecht,DE,50.9,7.55,78.17,66,61,2.86,2022-08-15 16:21:04,broken clouds
333,Porto De Moz,BR,-1.7483,-52.2383,93.4,42,4,3.71,2022-08-15 16:21:05,clear sky
334,Sibu,MY,2.3,111.8167,73.71,88,40,9.22,2022-08-15 16:21:05,scattered clouds
335,Comodoro Rivadavia,AR,-45.8667,-67.5,49.86,40,0,31.07,2022-08-15 16:20:36,clear sky
336,Dehloran,IR,32.6941,47.2679,106.03,9,0,9.8,2022-08-15 16:21:06,clear sky
337,Puerto Escondido,MX,15.85,-97.0667,86.83,66,40,6.91,2022-08-15 16:21:07,scattered clouds
338,Nosy Varika,MG,-20.5833,48.5333,69.85,84,0,12.5,2022-08-15 16:21:07,clear sky
339,Skibbereen,IE,51.55,-9.2667,66.11,79,99,2.84,2022-08-15 16:21:08,overcast clouds
340,Pinawa,CA,50.1489,-95.8811,78.08,43,2,5.57,2022-08-15 16:21:08,clear sky
341,Mongagua,BR,-24.0931,-46.6208,89.22,43,0,6.24,2022-08-15 16:21:08,clear sky
342,Sandakan,MY,5.8402,118.1179,71.28,94,40,5.75,2022-08-15 16:20:20,scattered clouds
343,Zhaodong,CN,46.0833,125.9833,64.29,89,92,3.67,2022-08-15 16:21:09,overcast clouds
344,General Roca,AR,-39.0333,-67.5833,52.63,31,46,32.7,2022-08-15 16:21:10,scattered clouds
345,Dossor,KZ,47.5272,52.9811,90.99,18,0,8.21,2022-08-15 16:21:10,clear sky
346,Shubarshi,KZ,48.5872,57.1869,86.47,21,6,23.49,2022-08-15 16:21:11,clear sky
347,The Valley,AI,18.217,-63.0578,89.46,89,40,6.91,2022-08-15 16:21:11,scattered clouds
348,Ayan,RU,56.45,138.1667,55.13,94,94,3.6,2022-08-15 16:21:12,overcast clouds
349,Cap Malheureux,MU,-19.9842,57.6142,70.47,70,97,8.01,2022-08-15 16:21:12,overcast clouds
350,Colac,AU,-38.3333,143.5833,49.84,95,99,9.1,2022-08-15 16:21:12,light rain
351,Maniitsoq,GL,65.4167,-52.9,43.74,94,100,23.15,2022-08-15 16:21:13,moderate rain
352,Malanje,AO,-9.5402,16.341,88.16,14,52,5.26,2022-08-15 16:21:13,broken clouds
353,Sahagun,CO,8.9462,-75.4427,81.57,76,95,4.88,2022-08-15 16:21:14,overcast clouds
354,Dandong,CN,40.1292,124.3947,65.17,91,0,5.66,2022-08-15 16:19:19,clear sky
355,Backo Petrovo Selo,RS,45.7081,20.0753,86.0,33,94,7.94,2022-08-15 16:21:14,overcast clouds
356,Enniskerry,IE,53.1925,-6.1692,70.05,82,99,4.45,2022-08-15 16:21:15,overcast clouds
357,Burns Lake,CA,54.2331,-125.7533,56.62,76,83,3.96,2022-08-15 16:21:15,broken clouds
358,Aykhal,RU,66.0,111.5,49.55,99,100,10.6,2022-08-15 16:21:16,light rain
359,Port Blair,IN,11.6667,92.75,80.91,80,72,9.95,2022-08-15 16:21:16,broken clouds
360,West Wendover,US,40.7391,-114.0733,78.01,36,0,0.0,2022-08-15 16:17:19,clear sky
361,Mpongwe,ZM,-13.5091,28.155,77.22,16,0,5.61,2022-08-15 16:21:17,clear sky
362,Terrace Bay,CA,48.7834,-87.1,63.64,70,31,3.98,2022-08-15 16:21:17,scattered clouds
363,Pochutla,MX,15.7432,-96.4661,88.83,64,85,4.83,2022-08-15 16:21:18,overcast clouds
364,Pontianak,ID,-0.0333,109.3333,80.58,83,75,2.3,2022-08-15 16:22:18,broken clouds
365,Morant Bay,JM,17.8815,-76.4093,94.71,61,6,8.43,2022-08-15 16:22:18,clear sky
366,Vestmanna,FO,62.1564,-7.1664,50.92,76,40,19.57,2022-08-15 16:22:19,scattered clouds
367,Nalut,LY,30.3333,10.85,103.17,12,0,2.66,2022-08-15 16:22:20,clear sky
368,Ampanihy,MG,-24.7,44.75,73.72,56,92,15.75,2022-08-15 16:22:20,overcast clouds
369,Koslan,RU,63.4564,48.8989,60.73,60,51,3.38,2022-08-15 16:22:20,broken clouds
370,Dunedin,NZ,-45.8742,170.5036,48.79,84,100,10.0,2022-08-15 16:22:21,light rain
371,Kralendijk,BQ,12.15,-68.2667,89.58,62,40,11.5,2022-08-15 16:22:21,scattered clouds
372,Fairbanks,US,64.8378,-147.7164,53.6,94,75,0.0,2022-08-15 16:20:03,fog
373,Tabou,CI,4.423,-7.3528,76.82,77,99,13.4,2022-08-15 16:22:22,overcast clouds
374,Alice Springs,AU,-23.7,133.8833,52.21,50,0,0.0,2022-08-15 16:22:22,clear sky
375,Zambezi,ZM,-13.5432,23.1047,82.74,12,50,4.29,2022-08-15 16:22:23,scattered clouds
376,Grants,US,35.1473,-107.8514,70.03,52,0,5.75,2022-08-15 16:16:49,clear sky
377,Strezhevoy,RU,60.7333,77.5889,45.19,93,100,15.12,2022-08-15 16:22:23,light rain
378,Konstantinovka,RU,49.6167,127.9833,61.63,85,1,4.83,2022-08-15 16:22:24,clear sky
379,Salta,AR,-24.7859,-65.4117,83.57,10,0,9.22,2022-08-15 16:19:54,clear sky
380,Nantucket,US,41.2835,-70.0995,77.11,55,0,9.22,2022-08-15 16:22:25,clear sky
381,Yaan,NG,7.3833,8.5667,73.11,92,96,9.17,2022-08-15 16:22:25,moderate rain
382,Hamilton,US,39.1834,-84.5333,77.74,71,75,9.22,2022-08-15 16:22:25,broken clouds
383,Yarmouth,US,41.7057,-70.2286,81.14,47,0,9.22,2022-08-15 16:22:26,clear sky
384,Flin Flon,CA,54.7682,-101.865,67.84,83,75,9.22,2022-08-15 16:22:26,broken clouds
385,Mancio Lima,BR,-7.6142,-72.8958,86.07,70,38,4.61,2022-08-15 16:22:27,scattered clouds
386,Timra,SE,62.487,17.3257,69.67,82,0,9.22,2022-08-15 16:22:27,clear sky
387,Nizhniy Kuranakh,RU,58.8353,125.4869,51.75,86,95,3.02,2022-08-15 16:22:28,overcast clouds
388,Basco,PH,20.4487,121.9702,83.43,77,100,12.21,2022-08-15 16:22:28,overcast clouds
389,Lompoc,US,34.6391,-120.4579,62.62,96,100,4.61,2022-08-15 16:14:40,mist
390,Chala,TZ,-7.5833,31.2667,70.81,34,69,2.86,2022-08-15 16:22:28,broken clouds
391,Natal,BR,-5.795,-35.2094,86.22,51,20,19.57,2022-08-15 16:22:29,few clouds
392,Bambari,CF,5.768,20.6757,73.9,87,100,3.89,2022-08-15 16:22:29,light rain
393,Tikrit,IQ,34.6071,43.6782,99.57,15,0,13.11,2022-08-15 16:22:30,clear sky
394,Abu Samrah,SY,35.3029,37.1841,86.52,27,0,15.48,2022-08-15 16:22:30,clear sky
395,Ulladulla,AU,-35.35,150.4667,49.24,76,38,6.76,2022-08-15 16:22:30,scattered clouds
396,Hurricane,US,37.1753,-113.2899,79.59,58,100,3.71,2022-08-15 16:21:17,overcast clouds
397,Mehamn,NO,71.0357,27.8492,55.35,71,75,6.91,2022-08-15 16:22:31,broken clouds
398,Ayacucho,PE,-13.1583,-74.2239,67.86,26,20,2.3,2022-08-15 16:22:31,few clouds
399,Chumikan,RU,54.7183,135.315,53.73,98,95,3.83,2022-08-15 16:22:32,light rain
400,Tessalit,ML,20.1986,1.0114,107.6,9,4,7.81,2022-08-15 16:22:32,clear sky
401,Upata,VE,8.0086,-62.3989,85.19,53,8,6.13,2022-08-15 16:22:32,clear sky
402,Marzuq,YE,14.4,46.4667,83.8,61,64,10.65,2022-08-15 16:22:33,broken clouds
403,Zvishavane,ZW,-20.3267,30.0665,68.67,37,0,7.94,2022-08-15 16:22:33,clear sky
404,Carutapera,BR,-1.195,-46.02,87.76,53,49,9.6,2022-08-15 16:22:33,scattered clouds
405,Hay River,CA,60.8156,-115.7999,66.18,77,75,5.75,2022-08-15 16:22:34,broken clouds
406,Chegutu,ZW,-18.1302,30.1407,73.65,17,0,3.38,2022-08-15 16:22:34,clear sky
407,Khobi,GE,42.3156,41.8987,78.46,83,1,4.97,2022-08-15 16:22:34,clear sky
408,Sola,VU,-13.8833,167.55,79.63,79,99,15.08,2022-08-15 16:22:35,overcast clouds
409,Port-Cartier,CA,50.0334,-66.8654,73.62,51,68,4.81,2022-08-15 16:22:35,broken clouds
410,Yerbogachen,RU,61.2767,108.0108,51.03,88,100,3.83,2022-08-15 16:22:35,overcast clouds
411,Lapua,FI,62.9693,23.0088,82.31,52,8,3.98,2022-08-15 16:22:36,clear sky
412,Sobolevo,RU,54.4299,31.8996,73.45,72,78,7.96,2022-08-15 16:22:36,broken clouds
413,Margate,GB,51.3813,1.3862,78.87,67,97,4.0,2022-08-15 16:23:37,overcast clouds
414,Champerico,GT,14.3,-91.9167,84.74,77,99,6.2,2022-08-15 16:23:37,overcast clouds
415,Moose Factory,CA,51.2585,-80.6094,69.8,52,0,10.36,2022-08-15 16:23:37,clear sky
416,Kupang,ID,-10.1667,123.5833,75.65,76,37,11.21,2022-08-15 16:23:38,scattered clouds
417,Raga,SS,8.4596,25.678,72.54,95,100,1.9,2022-08-15 16:23:38,light rain
418,Hofn,IS,64.2539,-15.2082,49.48,69,17,14.23,2022-08-15 16:23:38,few clouds
419,Tongliao,CN,43.6125,122.2653,64.26,91,75,9.22,2022-08-15 16:23:39,broken clouds
420,Santa Rosa,PH,14.3122,121.1114,78.78,90,100,5.46,2022-08-15 16:22:24,overcast clouds
421,Namatanai,PG,-3.6667,152.4333,77.65,83,100,3.53,2022-08-15 16:23:39,overcast clouds
422,Gomel,BY,52.4345,30.9754,82.38,44,0,13.42,2022-08-15 16:23:39,clear sky
423,Nueva Loja,EC,0.0847,-76.8828,80.62,74,0,4.61,2022-08-15 16:23:40,clear sky
424,Moranbah,AU,-22.0016,148.0466,53.15,37,0,6.58,2022-08-15 16:23:40,clear sky
425,Ossora,RU,59.2353,163.0719,54.64,99,100,10.04,2022-08-15 16:23:40,heavy intensity rain
426,Breytovo,RU,58.2993,37.8617,70.83,71,96,6.73,2022-08-15 16:23:41,overcast clouds
427,Ewo,CG,-0.8725,14.8206,92.46,24,75,2.77,2022-08-15 16:23:41,broken clouds
428,Portland,US,45.5234,-122.6762,72.57,73,20,5.99,2022-08-15 16:20:36,few clouds
429,Codrington,AU,-38.2667,141.9667,52.7,88,100,22.7,2022-08-15 16:23:42,overcast clouds
430,Port-Gentil,GA,-0.7193,8.7815,78.76,73,75,14.97,2022-08-15 16:23:42,broken clouds
431,Nouakchott,MR,18.0858,-15.9785,85.93,71,49,14.05,2022-08-15 16:19:48,scattered clouds
432,Sassandra,CI,4.95,-6.0833,76.8,79,99,12.62,2022-08-15 16:23:42,overcast clouds
433,Coquimbo,CL,-29.9533,-71.3436,60.53,72,20,9.22,2022-08-15 16:23:43,few clouds
434,Yumen,CN,40.2833,97.2,79.14,20,65,6.08,2022-08-15 16:23:43,broken clouds
435,Bilma,NE,18.6853,12.9164,99.1,25,64,5.19,2022-08-15 16:23:44,broken clouds
436,Sisimiut,GL,66.9395,-53.6735,46.76,87,100,7.54,2022-08-15 16:23:44,moderate rain
437,Linxia,CN,35.6003,103.2064,61.47,86,15,0.51,2022-08-15 16:23:44,few clouds
438,Altay,CN,47.8667,88.1167,64.44,50,0,4.52,2022-08-15 16:23:45,clear sky
439,Kuching,MY,1.55,110.3333,75.42,83,20,3.44,2022-08-15 16:23:45,moderate rain
440,Mushie,CD,-3.0167,16.9,95.13,22,98,4.27,2022-08-15 16:23:45,overcast clouds
441,Bonavista,CA,48.6499,-53.1147,68.85,86,94,12.35,2022-08-15 16:23:46,overcast clouds
442,Sukhumi,GE,43.0033,41.0153,78.69,86,0,2.75,2022-08-15 16:23:46,clear sky
443,Sambava,MG,-14.2667,50.1667,70.0,86,75,9.89,2022-08-15 16:23:46,light rain
444,Burgeo,CA,47.6167,-57.6152,67.39,84,100,14.65,2022-08-15 16:23:47,overcast clouds
445,Katangli,RU,51.7102,143.2326,54.36,99,95,4.07,2022-08-15 16:23:47,overcast clouds
446,Sinyavskoye,RU,47.277,39.2789,97.75,23,18,17.02,2022-08-15 16:23:21,few clouds
447,Tibu,CO,8.639,-72.7358,91.24,49,17,2.04,2022-08-15 16:23:48,few clouds
448,Altamira,BR,-3.2033,-52.2064,87.89,79,40,8.05,2022-08-15 16:23:48,scattered clouds
449,Muttupet,IN,10.4,79.4833,83.73,76,24,8.99,2022-08-15 16:23:48,few clouds
450,Mitu,CO,1.1983,-70.1733,82.62,72,40,1.9,2022-08-15 16:23:49,scattered clouds
451,Jiaxing,CN,30.7522,120.75,83.68,74,100,7.81,2022-08-15 16:23:49,overcast clouds
452,Saint-Remi,CA,45.2668,-73.6159,80.58,50,89,3.44,2022-08-15 16:23:49,overcast clouds
453,Cockburn Town,TC,21.4612,-71.1419,81.82,78,6,11.52,2022-08-15 16:23:50,clear sky
454,Erzin,TR,36.9559,36.2,78.96,73,0,7.2,2022-08-15 16:23:50,clear sky
455,Yarkovo,RU,57.4028,67.0786,53.37,67,87,3.06,2022-08-15 16:23:50,overcast clouds
456,Oxilithos,GR,38.5833,24.1167,76.73,55,1,4.97,2022-08-15 16:23:51,clear sky
457,Rotifunk,SL,8.2333,-12.6833,78.71,87,92,8.46,2022-08-15 16:23:51,light rain
458,Fukue,JP,32.6881,128.8419,83.75,86,100,22.62,2022-08-15 16:23:51,overcast clouds
459,Soe,ID,-9.8607,124.284,61.0,95,24,4.21,2022-08-15 16:23:52,few clouds
460,Zhaoqing,CN,23.0512,112.4597,85.82,87,73,2.37,2022-08-15 16:23:52,broken clouds
461,Hurghada,EG,27.2574,33.8129,89.67,44,3,19.55,2022-08-15 16:24:53,clear sky
462,Soyo,AO,-6.1349,12.3689,73.56,71,80,9.17,2022-08-15 16:24:53,broken clouds
463,Uttarkashi,IN,30.7333,78.45,73.35,78,100,1.86,2022-08-15 16:24:53,overcast clouds
464,Wanning,CN,18.8003,110.3967,81.73,84,91,7.49,2022-08-15 16:24:54,overcast clouds
465,Iranshahr,IR,27.2025,60.6848,106.14,11,75,11.5,2022-08-15 16:24:54,broken clouds
466,Ndele,CF,8.4109,20.6473,70.93,94,100,4.76,2022-08-15 16:24:54,light rain
467,Bako,ET,5.7833,36.5667,67.93,71,76,2.39,2022-08-15 16:24:55,broken clouds
468,Rincon,US,32.296,-81.2354,88.95,42,75,8.05,2022-08-15 16:20:22,broken clouds
469,Kargasok,RU,59.0556,80.8572,44.67,96,100,16.31,2022-08-15 16:24:55,light rain
470,Nabire,ID,-3.3667,135.4833,74.7,91,95,3.27,2022-08-15 16:24:55,overcast clouds
471,Alizai,PK,33.5383,70.3462,80.19,70,63,0.74,2022-08-15 16:24:56,broken clouds
472,Vanavara,RU,60.34,102.2797,51.22,97,100,1.1,2022-08-15 16:24:56,light rain
473,Yenagoa,NG,4.9247,6.2642,78.96,77,97,10.22,2022-08-15 16:24:56,light rain
474,Mao,ES,39.8885,4.2658,82.96,83,20,10.36,2022-08-15 16:24:57,few clouds
475,Souillac,MU,-20.5167,57.5167,68.38,88,40,11.5,2022-08-15 16:24:57,light rain
476,Skjervoy,NO,70.0311,20.9714,57.2,81,98,3.78,2022-08-15 16:24:57,overcast clouds
477,Chongqing,CN,29.5628,106.5528,98.92,38,0,4.47,2022-08-15 16:24:58,clear sky
478,Mantua,IT,45.1667,10.7833,93.09,44,10,2.53,2022-08-15 16:24:58,clear sky
479,Constitucion,CL,-35.3333,-72.4167,52.14,61,19,8.66,2022-08-15 16:24:58,few clouds
480,Goderich,CA,43.7501,-81.7165,77.32,44,88,6.91,2022-08-15 16:24:59,overcast clouds
481,Golden,US,39.7555,-105.2211,80.64,55,75,10.36,2022-08-15 16:24:59,broken clouds
482,Machado,BR,-21.6747,-45.9197,77.54,27,0,6.62,2022-08-15 16:25:00,clear sky
483,Mjolby,SE,58.326,15.1237,80.28,44,62,11.88,2022-08-15 16:25:00,broken clouds
484,Labuhan,ID,-6.8844,112.2051,79.52,83,22,6.73,2022-08-15 16:25:00,few clouds
485,Kenai,US,60.5544,-151.2583,53.15,98,100,0.0,2022-08-15 16:25:01,mist
486,Mae Hong Son,TH,19.3003,97.9685,75.04,99,95,1.57,2022-08-15 16:25:01,overcast clouds
487,Sirnak,TR,37.5228,42.4594,77.92,23,0,4.21,2022-08-15 16:25:02,clear sky
488,Tonantins,BR,-2.8731,-67.8022,85.71,67,35,2.66,2022-08-15 16:25:02,scattered clouds
489,Tokonou,GN,9.65,-9.7833,77.99,81,94,1.54,2022-08-15 16:25:03,light rain
490,Rocha,UY,-34.4833,-54.3333,63.61,78,100,10.89,2022-08-15 16:25:03,overcast clouds
491,Khandyga,RU,62.6667,135.6,55.36,92,98,3.4,2022-08-15 16:25:04,overcast clouds
492,San Patricio,US,28.017,-97.5169,91.26,86,100,6.04,2022-08-15 16:25:04,overcast clouds
493,Omboue,GA,-1.5746,9.2618,75.31,68,40,11.43,2022-08-15 16:25:05,scattered clouds
494,Durg,IN,21.1833,81.2833,75.38,92,100,15.1,2022-08-15 16:25:06,overcast clouds
495,Anchorage,US,61.2181,-149.9003,54.95,93,100,3.44,2022-08-15 16:23:00,light rain
496,Vila Franca Do Campo,PT,37.7167,-25.4333,79.21,78,25,9.26,2022-08-15 16:25:06,light rain
497,Riverton,US,40.5219,-111.9391,83.17,46,0,4.0,2022-08-15 16:23:11,clear sky
498,Keflavik,IS,64.0049,-22.5624,52.23,62,40,10.36,2022-08-15 16:25:07,scattered clouds
499,Asyut,EG,27.181,31.1837,96.39,17,0,15.08,2022-08-15 16:25:08,clear sky
500,Gubkinskiy,RU,64.434,76.5026,46.71,83,100,13.73,2022-08-15 16:25:08,light rain
501,Gazalkent,UZ,41.5581,69.7708,82.81,19,88,4.61,2022-08-15 16:25:09,overcast clouds
502,Zhashkiv,UA,49.2454,30.1102,77.9,40,100,7.92,2022-08-15 16:25:09,overcast clouds
503,Batagay-Alyta,RU,67.8006,130.4114,51.44,83,79,0.43,2022-08-15 16:25:11,broken clouds
504,Alekseyevskaya,RU,50.2896,42.1845,84.81,29,69,17.76,2022-08-15 16:25:11,broken clouds
505,Zhigansk,RU,66.7697,123.3711,53.64,98,100,5.93,2022-08-15 16:25:12,light rain
506,Chipinge,ZW,-20.1883,32.6236,62.67,47,0,5.21,2022-08-15 16:25:12,clear sky
507,Civita Castellana,IT,42.2952,12.4092,89.78,52,2,7.0,2022-08-15 16:26:13,clear sky
508,Havoysund,NO,70.9963,24.6622,52.03,78,45,13.73,2022-08-15 16:26:13,scattered clouds
509,Teruel,ES,40.6667,-0.6667,80.33,16,0,2.44,2022-08-15 16:26:14,clear sky
510,Hvolsvollur,IS,63.7533,-20.2243,52.47,50,89,7.58,2022-08-15 16:26:14,overcast clouds
511,Mbala,ZM,-8.8402,31.3659,71.78,27,37,4.92,2022-08-15 16:26:15,scattered clouds
512,Grindavik,IS,63.8424,-22.4338,52.27,62,40,10.36,2022-08-15 16:26:15,scattered clouds
513,Adana,TR,36.985,35.2881,86.52,65,40,18.41,2022-08-15 16:21:54,scattered clouds
514,Jacareacanga,BR,-6.2222,-57.7528,84.16,60,99,0.11,2022-08-15 16:26:16,overcast clouds
515,Petropavlovka,RU,50.6114,105.3196,60.69,75,1,2.75,2022-08-15 16:26:16,clear sky
516,Bonthe,SL,7.5264,-12.505,76.48,88,97,15.66,2022-08-15 16:26:16,light rain
517,Klupci,RS,44.5314,19.2519,88.16,44,8,3.53,2022-08-15 16:26:17,clear sky
518,Le Port,RE,-20.9373,55.2919,71.26,67,34,6.85,2022-08-15 16:26:17,scattered clouds
519,Urumqi,CN,43.801,87.6005,83.35,26,0,6.71,2022-08-15 16:26:18,clear sky
520,Borujerd,IR,33.8973,48.7516,93.29,8,0,16.11,2022-08-15 16:26:18,clear sky
521,Makakilo City,US,21.3469,-158.0858,75.69,77,0,4.61,2022-08-15 16:26:19,clear sky
522,Megion,RU,61.0296,76.1136,51.82,81,100,12.77,2022-08-15 16:26:19,overcast clouds
523,Umm Kaddadah,SD,13.6017,26.6876,81.0,58,98,10.92,2022-08-15 16:26:20,overcast clouds
524,Guangyuan,CN,32.442,105.823,80.58,71,100,2.17,2022-08-15 16:26:20,overcast clouds
525,Limbang,MY,4.75,115.0,77.11,96,99,2.28,2022-08-15 16:26:21,overcast clouds
526,Los Llanos De Aridane,ES,28.6585,-17.9182,76.12,80,40,13.8,2022-08-15 16:26:21,scattered clouds
527,La Paz,BO,-16.5,-68.15,58.98,14,40,6.91,2022-08-15 16:26:22,scattered clouds
528,Douglas,US,41.3,-96.167,68.59,91,75,13.8,2022-08-15 16:17:47,broken clouds
529,Bon Air,US,37.5249,-77.5578,67.33,84,100,3.44,2022-08-15 16:22:09,moderate rain
530,Nishihara,JP,26.1842,127.7558,84.25,82,20,12.66,2022-08-15 16:26:23,few clouds
531,Arinos,BR,-15.9169,-46.1056,88.09,22,1,3.2,2022-08-15 16:26:23,clear sky
532,Puerto Del Rosario,ES,28.5004,-13.8627,78.55,69,20,19.57,2022-08-15 16:26:24,few clouds
533,Namie,JP,37.4833,141.0,78.71,89,85,1.01,2022-08-15 16:26:24,overcast clouds
534,Cam Ranh,VN,11.9214,109.1591,78.76,89,40,2.3,2022-08-15 16:26:24,scattered clouds
535,Tim,RU,51.6222,37.1244,79.56,42,45,13.24,2022-08-15 16:26:25,scattered clouds
536,Fallon,US,39.4735,-118.7774,82.45,16,0,5.68,2022-08-15 16:26:25,clear sky
537,Rosario Oeste,BR,-14.8361,-56.4275,97.07,25,35,12.28,2022-08-15 16:26:25,scattered clouds
538,Rio Grande,BR,-32.035,-52.0986,62.71,93,100,12.71,2022-08-15 16:26:26,moderate rain
539,Lufilufi,WS,-13.8745,-171.5986,73.18,78,24,24.49,2022-08-15 16:26:26,light rain
540,Buala,SB,-8.145,159.5921,78.53,82,98,3.85,2022-08-15 16:26:27,light rain
541,Lima,PE,-12.0432,-77.0282,59.25,82,100,8.05,2022-08-15 16:21:53,overcast clouds
542,Sechura,PE,-5.5569,-80.8222,72.23,62,46,13.76,2022-08-15 16:26:27,scattered clouds
543,Prado,BR,-17.3411,-39.2208,77.07,58,11,10.13,2022-08-15 16:25:48,few clouds
544,Qaqortoq,GL,60.7167,-46.0333,48.16,87,99,7.45,2022-08-15 16:26:28,overcast clouds
545,Piacabucu,BR,-10.4056,-36.4344,75.7,84,80,12.26,2022-08-15 16:26:28,broken clouds
546,Tvoroyri,FO,61.5556,-6.8111,52.25,84,94,9.91,2022-08-15 16:26:28,overcast clouds
547,Santa Ana,US,33.7456,-117.8678,89.35,77,20,6.91,2022-08-15 16:24:39,few clouds
548,Katsuura,JP,35.1333,140.3,81.16,90,100,23.85,2022-08-15 16:26:29,overcast clouds
549,Sile,TR,41.1754,29.6133,75.87,69,41,1.01,2022-08-15 16:26:29,scattered clouds
550,Mahanoro,MG,-19.9,48.8,69.06,84,3,11.34,2022-08-15 16:26:30,clear sky
551,Namibe,AO,-15.1961,12.1522,64.96,77,4,8.59,2022-08-15 16:26:30,clear sky
552,Bajil,YE,15.0584,43.2851,88.59,49,100,9.08,2022-08-15 16:27:30,overcast clouds
553,Inuvik,CA,68.3499,-133.7218,50.76,93,100,3.44,2022-08-15 16:26:43,overcast clouds
554,Alugan,PH,12.2188,125.4808,77.85,89,100,5.19,2022-08-15 16:27:31,overcast clouds
555,Miri,MY,4.4148,114.0089,78.94,100,40,3.44,2022-08-15 16:23:11,light rain
556,Waddan,LY,29.1614,16.139,103.12,12,0,17.85,2022-08-15 16:27:31,clear sky
557,Raudeberg,NO,61.9875,5.1352,68.67,77,100,2.55,2022-08-15 16:27:31,overcast clouds
558,Miandrivazo,MG,-19.5167,45.4667,77.83,50,0,11.7,2022-08-15 16:27:32,clear sky
559,Mandera,KE,3.9366,41.867,88.25,36,100,13.53,2022-08-15 16:27:32,overcast clouds
560,Naze,JP,28.3667,129.4833,81.52,75,7,13.87,2022-08-15 16:27:32,clear sky
561,Sembakung,ID,3.8167,117.25,73.92,98,94,0.13,2022-08-15 16:27:33,light rain
562,Homa Bay,KE,-0.5273,34.4571,71.26,76,79,3.27,2022-08-15 16:27:33,light rain
563,Riyadh,SA,24.6877,46.7219,104.14,11,0,9.1,2022-08-15 16:27:34,clear sky
564,Svetlyy,RU,54.675,20.1347,84.25,40,82,15.39,2022-08-15 16:27:34,broken clouds
565,Roald,NO,62.5833,6.1333,78.17,60,0,2.3,2022-08-15 16:27:34,clear sky
566,Distraccion,CO,10.8969,-72.8861,88.84,54,45,3.0,2022-08-15 16:27:35,scattered clouds
567,Byron Bay,AU,-28.65,153.6167,46.71,64,0,7.31,2022-08-15 16:27:35,clear sky
568,Aranda De Duero,ES,41.6704,-3.6892,83.68,17,0,9.78,2022-08-15 16:27:35,clear sky
569,Port Hawkesbury,CA,45.6169,-61.3485,75.58,73,20,11.5,2022-08-15 16:27:36,few clouds
570,San Cristobal,VE,7.7669,-72.225,86.18,49,26,8.39,2022-08-15 16:27:36,scattered clouds
571,Spilimbergo,IT,46.1125,12.8969,85.75,52,0,9.22,2022-08-15 16:27:36,clear sky
572,Dicabisagan,PH,17.0818,122.4157,79.65,88,100,5.59,2022-08-15 16:27:37,heavy intensity rain
573,Haimen,CN,23.1935,116.6142,84.09,87,45,7.16,2022-08-15 16:27:37,scattered clouds
574,Abancay,PE,-13.6339,-72.8814,70.74,40,25,2.39,2022-08-15 16:27:38,scattered clouds
575,Peniche,PT,39.3558,-9.3811,75.29,73,0,11.18,2022-08-15 16:27:38,clear sky
576,Veraval,IN,20.9,70.3667,79.5,88,100,18.1,2022-08-15 16:27:38,light rain
577,Ivanteyevka,RU,55.9711,37.9208,82.35,50,34,5.55,2022-08-15 16:27:39,scattered clouds
578,Gizo,SB,-8.103,156.8419,81.18,75,100,4.36,2022-08-15 16:27:39,light rain
579,Marrakesh,MA,31.6315,-8.0083,89.67,31,75,4.61,2022-08-15 16:23:47,broken clouds
580,Port Hedland,AU,-20.3167,118.5667,66.25,77,0,5.75,2022-08-15 16:27:39,clear sky
581,Lingyuan,CN,41.24,119.4011,61.0,92,6,6.8,2022-08-15 16:27:40,clear sky
582,Sabha,LY,27.0377,14.4283,101.25,13,4,14.18,2022-08-15 16:27:40,clear sky
583,Yakeshi,CN,49.2833,120.7333,58.87,60,14,2.82,2022-08-15 16:27:40,few clouds
584,Rawson,AR,-43.3002,-65.1023,50.74,40,2,25.05,2022-08-15 16:27:41,clear sky
585,Halifax,CA,44.6453,-63.5724,76.89,70,40,12.66,2022-08-15 16:27:41,scattered clouds
586,Williamsburg,US,37.2707,-76.7075,75.72,86,75,3.44,2022-08-15 16:23:41,broken clouds
587,Ladario,BR,-19.0047,-57.6017,97.09,26,0,16.11,2022-08-15 16:27:41,clear sky
588,Sept-Iles,CA,50.2001,-66.3821,73.92,63,40,10.36,2022-08-15 16:24:02,scattered clouds
589,Bibiani,GH,6.4635,-2.3194,71.87,96,100,3.0,2022-08-15 16:27:42,overcast clouds
590,Jishou,CN,28.3167,109.7167,83.93,64,100,1.79,2022-08-15 16:27:42,overcast clouds
591,Ipixuna,BR,-1.7625,-48.8043,94.08,35,18,3.87,2022-08-15 16:27:43,few clouds
592,Mahajanga,MG,-15.7167,46.3167,75.22,78,20,10.36,2022-08-15 16:27:43,few clouds
593,Indianola,US,41.3581,-93.5574,69.66,41,80,9.62,2022-08-15 16:24:32,broken clouds
594,Longyan,CN,25.1072,117.0225,76.24,92,52,2.08,2022-08-15 16:27:44,broken clouds
595,Taybad,IR,34.74,60.7756,85.35,14,0,16.13,2022-08-15 16:27:44,clear sky
596,Ternate,ID,0.8,127.4,76.35,87,100,4.45,2022-08-15 16:27:44,overcast clouds
597,Sereflikochisar,TR,38.9393,33.5386,86.52,30,20,14.12,2022-08-15 16:27:45,few clouds
598,Baghdad,IQ,33.3406,44.4009,103.91,18,0,14.97,2022-08-15 16:28:45,clear sky
599,Minggang,CN,32.4586,114.0486,80.4,92,100,4.38,2022-08-15 16:28:45,overcast clouds
600,Quang Ngai,VN,15.1167,108.8,77.9,91,53,4.61,2022-08-15 16:28:46,broken clouds
601,Richards Bay,ZA,-28.783,32.0377,62.78,52,3,16.17,2022-08-15 16:28:46,clear sky
602,Villa Union,MX,23.2,-106.2333,84.02,89,100,0.0,2022-08-15 16:28:46,overcast clouds
603,Nhulunbuy,AU,-12.2333,136.7667,66.81,72,1,5.75,2022-08-15 16:25:13,clear sky
604,Oranjestad,AW,12.524,-70.027,89.55,66,20,23.02,2022-08-15 16:28:47,few clouds
605,Alibag,IN,18.6411,72.8792,80.67,90,100,16.24,2022-08-15 16:28:47,overcast clouds
606,Chimbarongo,CL,-34.7,-71.05,50.88,70,45,1.07,2022-08-15 16:28:48,scattered clouds
607,Praia Da Vitoria,PT,38.7333,-27.0667,79.75,73,75,11.45,2022-08-15 16:28:48,broken clouds
608,Murgab,TM,37.4966,61.9714,89.47,22,0,6.91,2022-08-15 16:28:48,clear sky
609,San Andres,CO,12.5847,-81.7006,86.02,70,40,10.36,2022-08-15 16:28:49,scattered clouds
610,Srednekolymsk,RU,67.45,153.6833,40.68,82,0,9.24,2022-08-15 16:28:49,clear sky
611,Matagami,CA,49.7502,-77.6328,64.51,68,100,2.3,2022-08-15 16:28:49,overcast clouds
612,Antoing,BE,50.556,3.4653,86.22,42,93,6.31,2022-08-15 16:28:50,overcast clouds
613,Mocuba,MZ,-16.8392,36.9856,80.17,33,0,5.14,2022-08-15 16:28:50,clear sky
614,Cayenne,GF,4.9333,-52.3333,87.84,23,20,6.91,2022-08-15 16:28:50,few clouds
615,Kirkwall,GB,58.9848,-2.9587,57.25,94,75,5.75,2022-08-15 16:28:51,broken clouds
616,Boda,CF,4.3189,17.4695,71.89,83,100,2.48,2022-08-15 16:28:51,overcast clouds
617,Poso,ID,-1.3959,120.7524,75.78,84,100,5.3,2022-08-15 16:28:51,overcast clouds
618,Inhambane,MZ,-23.865,35.3833,67.68,60,63,16.17,2022-08-15 16:28:52,broken clouds
619,Angoram,PG,-4.0625,144.0661,72.27,96,100,1.34,2022-08-15 16:28:52,overcast clouds
620,Marawi,PH,7.9986,124.2928,68.9,83,67,3.36,2022-08-15 16:28:52,broken clouds
621,Verkhoyansk,RU,67.5447,133.385,58.03,78,100,4.0,2022-08-15 16:28:53,overcast clouds
622,Basar,IN,27.9833,94.6667,72.63,99,41,1.41,2022-08-15 16:28:53,scattered clouds
623,Adrar,MR,20.5022,-10.0711,110.19,7,3,15.08,2022-08-15 16:28:53,clear sky
624,Uravakonda,IN,14.95,77.2667,79.2,67,100,15.01,2022-08-15 16:28:54,overcast clouds
625,Banjar,ID,-8.19,114.9675,78.13,89,73,0.63,2022-08-15 16:28:54,broken clouds
626,Babu,CN,24.4167,111.5167,80.56,87,20,1.95,2022-08-15 16:28:54,few clouds
627,Jieshi,CN,22.8134,115.8257,83.43,84,65,7.76,2022-08-15 16:28:55,broken clouds
628,Civitavecchia,IT,42.0933,11.7967,89.24,75,5,14.74,2022-08-15 16:28:55,clear sky
629,Carballo,ES,43.213,-8.691,71.29,72,97,10.69,2022-08-15 16:28:55,overcast clouds
630,Dabhoi,IN,22.1833,73.4333,78.73,92,92,14.0,2022-08-15 16:28:56,overcast clouds
631,Krasnyy Chikoy,RU,50.3643,108.7512,58.32,78,1,3.06,2022-08-15 16:28:56,clear sky
632,Tambura,SS,5.6,27.4667,72.73,90,46,2.8,2022-08-15 16:28:57,light rain
633,Aguimes,ES,27.9054,-15.4461,78.66,61,20,33.38,2022-08-15 16:28:57,few clouds
634,Amahai,ID,-3.3333,128.9167,74.35,96,100,10.65,2022-08-15 16:28:57,overcast clouds
635,Isangel,VU,-19.55,169.2667,75.43,82,100,21.16,2022-08-15 16:28:58,overcast clouds
636,Goba,ET,7.0167,39.9833,53.8,93,29,4.97,2022-08-15 16:28:58,light rain
637,Montespertoli,IT,43.6442,11.0737,89.91,53,75,14.41,2022-08-15 16:28:58,broken clouds
638,Nouadhibou,MR,20.931,-17.0347,78.78,69,7,21.85,2022-08-15 16:28:59,sand
639,Quelimane,MZ,-17.8786,36.8883,76.95,73,20,9.22,2022-08-15 16:28:59,few clouds
640,Siocon,PH,7.7061,122.1353,78.94,85,95,2.68,2022-08-15 16:28:59,overcast clouds
641,Zalantun,CN,48.0,122.7167,61.25,80,0,4.85,2022-08-15 16:29:00,clear sky
642,Chaman,PK,30.9236,66.4512,84.06,48,85,8.23,2022-08-15 16:29:00,overcast clouds
643,Bulgan,MN,48.8125,103.5347,57.94,68,4,1.59,2022-08-15 16:29:01,clear sky
644,Ahipara,NZ,-35.1667,173.1667,59.07,87,96,14.0,2022-08-15 16:29:01,overcast clouds
645,Laguna,US,38.421,-121.4238,89.08,59,0,1.99,2022-08-15 16:30:02,clear sky
646,Ucluelet,CA,48.9329,-125.5528,61.09,93,100,1.68,2022-08-15 16:29:11,overcast clouds
647,Belgrade,RS,44.804,20.4651,90.39,39,0,5.75,2022-08-15 16:28:06,clear sky
648,Valdivia,CL,-39.8142,-73.2459,46.49,96,100,13.62,2022-08-15 16:30:04,overcast clouds
649,Zaysan,KZ,47.4667,84.8667,63.99,38,0,9.17,2022-08-15 16:30:05,clear sky
650,Coihueco,CL,-36.6167,-71.8333,48.94,71,75,14.97,2022-08-15 16:30:06,broken clouds
651,Manama,BH,26.2154,50.5832,100.58,63,0,11.5,2022-08-15 16:28:46,clear sky
652,Ketchikan,US,55.3422,-131.6461,57.67,94,100,0.0,2022-08-15 16:30:07,overcast clouds
653,Laramie,US,41.3114,-105.5911,66.96,77,100,10.36,2022-08-15 16:30:07,overcast clouds
654,Sandwick,GB,60.0,-1.25,58.82,88,75,9.22,2022-08-15 16:30:08,moderate rain
655,Tiarei,PF,-17.5333,-149.3333,75.22,76,74,16.42,2022-08-15 16:30:08,broken clouds
656,Indiana,US,40.0003,-86.2503,74.97,77,100,8.05,2022-08-15 16:30:09,overcast clouds
657,Dryden,CA,49.7833,-92.7503,68.29,88,100,10.36,2022-08-15 16:30:10,overcast clouds
658,Chumphon,TH,10.3333,98.8333,73.83,92,100,4.83,2022-08-15 16:30:11,overcast clouds
659,Hastings,GB,50.8552,0.5729,76.89,72,99,7.85,2022-08-15 16:30:11,overcast clouds
660,Atherton,GB,53.5237,-2.4935,75.04,73,100,4.0,2022-08-15 16:30:12,overcast clouds
661,Athabasca,CA,54.7169,-113.2854,70.21,55,73,6.8,2022-08-15 16:25:59,broken clouds
662,Berkakit,RU,56.5807,124.7681,51.76,95,96,4.54,2022-08-15 16:30:13,light rain
663,Santa Rosalia,MX,27.3167,-112.2833,87.53,55,25,7.2,2022-08-15 16:30:13,scattered clouds
664,College,US,64.8569,-147.8028,53.58,94,75,0.0,2022-08-15 16:27:03,fog
665,Guiratinga,BR,-16.3494,-53.7583,95.81,19,18,10.22,2022-08-15 16:30:15,few clouds
666,Saint-Paul,RE,-21.0096,55.2707,71.37,72,35,4.52,2022-08-15 16:30:15,scattered clouds
667,Hirara,JP,24.8,125.2833,85.57,76,23,19.42,2022-08-15 16:30:16,few clouds
668,La Romana,DO,18.4273,-68.9728,91.76,58,75,11.5,2022-08-15 16:30:16,broken clouds
669,Oranjemund,NA,-28.55,16.4333,57.88,59,6,4.32,2022-08-15 16:30:17,clear sky
670,General Pico,AR,-35.6566,-63.7568,59.59,15,36,19.48,2022-08-15 16:30:17,scattered clouds
671,Fairview,US,40.8126,-73.999,85.53,43,0,9.22,2022-08-15 16:28:00,clear sky
672,Springbok,ZA,-29.6643,17.8865,56.14,27,0,6.44,2022-08-15 16:30:18,clear sky
673,Assiniboia,CA,49.6334,-105.9845,73.22,53,0,9.22,2022-08-15 16:30:18,clear sky
674,Manggar,ID,-2.8833,108.2667,81.37,78,81,6.13,2022-08-15 16:30:19,broken clouds
675,Ibra,OM,22.6906,58.5334,97.05,26,100,7.34,2022-08-15 16:30:19,overcast clouds
676,Eureka,US,40.8021,-124.1637,60.62,89,0,5.01,2022-08-15 16:30:20,clear sky
677,Port Macquarie,AU,-31.4333,152.9167,44.89,75,53,5.55,2022-08-15 16:30:21,broken clouds
678,Cananeia,BR,-25.0147,-47.9267,82.22,45,0,6.71,2022-08-15 16:30:21,clear sky
679,Shache,CN,38.4167,77.2406,79.84,45,83,22.59,2022-08-15 16:30:22,broken clouds
680,Banyo,CM,6.75,11.8167,66.0,97,100,3.29,2022-08-15 16:30:22,moderate rain
681,Solenzo,BF,12.1833,-4.0833,86.23,65,61,5.91,2022-08-15 16:30:23,broken clouds
